#,Project Name,Client / Company,Year,Image/file Name,Short Excerpt (for card),Technologies Used,Full Description (Rich HTML)
32,SIEM & Centralized Firewall Syslog Aggregation,Business Systems House,2026,SIEM-Centralized-Firewall-Syslog-Aggregation.png,"Implemented a centralized Syslog collector and SIEM log monitoring pipeline to aggregate FortiGate firewall logs, authentication events, and audit trails.","FortiAnalyzer, Syslog-ng, SIEM, FortiGate, Linux (Oracle Linux 9.5), Logrotate","<h2>SIEM & Centralized Firewall Syslog Aggregation</h2><p>Deployed a dedicated Syslog server infrastructure to aggregate and index security event logs from enterprise FortiGate firewalls and core switches.</p><h3>Key Features & Implementation</h3><ul><li><strong>Centralized Log Ingestion:</strong> Standardized Syslog forwarding protocols from perimeter firewalls to an isolated log collector appliance.</li><li><strong>SIEM Integration & Parsing:</strong> Configured log parsing rules and automated alerts for brute-force attacks, policy violations, and anomaly detection.</li><li><strong>Retention & Compliance:</strong> Established automated log compression, rotation, and encrypted long-term storage to meet ISO/UAE compliance.</li></ul>"
33,Qualys TruRisk Vulnerability Management Architecture,Business Systems House,2025,Qualys-TruRisk-Vulnerability-Management-Architecture.png,"Deployed Qualys TruRisk vulnerability management appliances and agents to continuously assess, score, and prioritize enterprise infrastructure threats.","Qualys Guard, TruRisk Engine, Qualys Cloud Agent, Windows/Linux Hardening, VAPT","<h2>Qualys TruRisk Vulnerability Management Architecture</h2><p>Architected an automated vulnerability management workflow leveraging Qualys appliances to continuously scan and prioritize system vulnerabilities.</p><h3>Key Features & Implementation</h3><ul><li><strong>Continuous Asset Discovery:</strong> Configured scheduled vulnerability scans across internal DMZ, server subnets, and endpoint pools.</li><li><strong>TruRisk Scoring & Prioritization:</strong> Utilized Qualys TruRisk scoring metrics to prioritize actionable patch remediation efforts based on exploitability.</li><li><strong>Automated Remediation Tracking:</strong> Generated executive-level security posture reports and tracked mitigation closure SLAs.</li></ul>"
34,Oracle Database High Performance (DBCS-HP) Cloud Sizing,Business Systems House,2026,Oracle-Database-High-Performance-(DBCS-HP)-Cloud-Sizing.png,"Modeled Oracle Base Database Service High Performance (DBCS-HP) specifications, calculating ECPU capacity, storage sizing, and object storage backup costs.","Oracle Cloud Infrastructure (OCI), Oracle DBCS, ECPU Sizing, Block Volumes, Object Storage",<h2>Oracle Database High Performance (DBCS-HP) Cloud Sizing</h2><p>Developed technical sizing specifications and financial models for deploying Oracle Base Database High Performance instances on OCI.</p><h3>Key Features & Implementation</h3><ul><li><strong>ECPU & RAM Allocation:</strong> Sized database compute shapes (ECPUs) and memory capacity to support high-throughput transactional database workloads.</li><li><strong>Storage Architecture:</strong> Calculated high-performance Block Volume storage and automated Object Storage backup policies.</li><li><strong>Cost Modeling & Sizing Optimization:</strong> Prepared 12-month cloud investment proposals comparing compute performance against licensing requirements.</li></ul>
35,Zero Downtime Database Migration (ZDM) Architecture,Business Systems House,2026,Zero-Downtime-Database-Migration-(ZDM)-Architecture.png,Designed an Oracle Zero Downtime Migration (ZDM) strategy utilizing Data Guard physical online replication for near-zero downtime database cutover.,"Oracle Zero Downtime Migration (ZDM), Oracle Data Guard, OCI DB Service, RMAN, SQL SPA",<h2>Zero Downtime Database Migration (ZDM) Architecture</h2><p>Engineered an enterprise database cloud cutover methodology leveraging Oracle ZDM and Physical Online Data Guard replication.</p><h3>Key Features & Implementation</h3><ul><li><strong>Near-Zero Downtime Cutover:</strong> Configured continuous Data Guard synchronization to perform live database migration without business interruption.</li><li><strong>Post-Migration Validation:</strong> Integrated SQL Performance Analyzer (SPA) execution to validate query performance prior to production sign-off.</li><li><strong>Rollback & DR Assurance:</strong> Retained on-premises database nodes as an active failback Disaster Recovery target.</li></ul>
36,FortiClient Endpoint VPN & Multi-Factor Authentication (Duo),Business Systems House,2026,FortiClient-Endpoint-VPN-Multi-Factor-Authentication-(Duo).png,Deployed FortiClient VPN with Duo MFA integration to secure remote administrative access to corporate jump servers and private cloud subnets.,"FortiClient VPN, Duo Proxy, FortiGate, RADIUS, Active Directory, MFA",<h2>FortiClient Endpoint VPN & Multi-Factor Authentication (Duo)</h2><p>Architected a secure remote access solution combining FortiClient SSL-VPN with Duo Proxy Multi-Factor Authentication (MFA) for enterprise users.</p><h3>Key Features & Implementation</h3><ul><li><strong>MFA-Protected Remote Access:</strong> Integrated Duo Proxy RADIUS authentication with Active Directory to enforce mandatory push notifications during login.</li><li><strong>Role-Based Jump Server Access:</strong> Restricted remote connections exclusively to segmented Jump Hosts based on user group authorization.</li><li><strong>Split-Tunneling & Encryption:</strong> Enforced AES-256 IPsec/SSL encryption and restricted direct internet access through corporate security inspection.</li></ul>
37,Segmented Jump Server & Bastion Access Control,Business Systems House,2026,Segmented-Jump-Server-Bastion-Access-Control.png,"Deployed dedicated group-segmented Jump Servers (IT, Tech, End-User, UAT) with strict RBAC access controls for administrative cloud management.","Windows Server Jump Hosts, OCI Bastion Service, RDP, Active Directory RBAC, Duo MFA","<h2>Segmented Jump Server & Bastion Access Control</h2><p>Architected a zero-trust administrative access model using dedicated Jump Servers and OCI Bastion hosts to isolate management interfaces from public networks.</p><h3>Key Features & Implementation</h3><ul><li><strong>Group-Segmented Jump Hosts:</strong> Isolated administrative environments into dedicated Jump Hosts (IT, TECH, END USER, UAT) to prevent lateral privilege movement.</li><li><strong>MFA & Session Logging:</strong> Enforced Duo MFA on all administrative RDP sessions and enabled session recording for compliance auditing.</li><li><strong>Fallback Cloud Bastion:</strong> Deployed OCI IAM Bastion Service as an emergency secondary access route for IT administrators.</li></ul>"
38,Active/Active Cloud Disaster Recovery & IP Routing Strategy,Business Systems House,2026,Active/Active-Cloud-Disaster-Recovery-IP-Routing-Strategy.png,"Formulated an Active/Active hybrid Disaster Recovery plan with non-overlapping IP schemas, site-to-site IPsec VPN, and automated failover routing.","FortiGate IPsec VPN, Active/Active DR, Non-Overlapping IP Subnets, BGP Routing, Data Guard","<h2>Active/Active Cloud Disaster Recovery & IP Routing Strategy</h2><p>Designed a resilient hybrid disaster recovery strategy connecting OCI UAE region as primary production with on-premises infrastructure as active DR site.</p><h3>Key Features & Implementation</h3><ul><li><strong>Non-Overlapping Subnet Addressing:</strong> Standardized IP addressing schemes (Cloud, Primary HO, DR) to eliminate NAT requirements during failover.</li><li><strong>IPsec VPN Tunnel Redundancy:</strong> Deployed dual-terminated FortiGate IPsec VPN tunnels with automated route failover.</li><li><strong>RPO/RTO Validation:</strong> Established RPO/RTO metrics backed by synchronous database replication and scheduled DR testing.</li></ul>"
39,CAD GULF Internal Network VAPT Audit Remediation,Business Systems House,2025,CAD-GULF-Internal-Network-VAPT-Audit-Remediation.png,"Managed technical remediation for internal network penetration test findings, resolving High/Medium vulnerabilities across production servers and switches.","Network VAPT, Windows Server Hardening, OpenSSL, FortiOS, Port Security, SMB Signing","<h2>CAD GULF Internal Network VAPT Audit Remediation</h2><p>Led technical remediation efforts following an independent internal network penetration test, achieving full compliance and threat closure.</p><h3>Key Features & Implementation</h3><ul><li><strong>System Hardening & Patching:</strong> Remediated open SSL vulnerabilities, disabled outdated SMBv1/v2 protocols, and enforced SMB signing.</li><li><strong>Network Port Hardening:</strong> Disabled unused physical switch ports and restricted network management interfaces to secure administrative VLANs.</li><li><strong>Re-Testing & Verification:</strong> Conducted verification scanning to validate total elimination of all identified High and Medium risk vulnerabilities.</li></ul>"
40,Oracle WebLogic Server Migration from Windows to Linux,Business Systems House,2026,Oracle-WebLogic-Server-Migration-from-Windows-to-Linux.png,Migrated Oracle WebLogic application stack from legacy Windows Server environments to hardened Oracle Linux shapes on OCI.,"Oracle WebLogic Server, Oracle Linux 7.9/9.5, Domain Migration, Java EE, Shell Scripting","<h2>Oracle WebLogic Server Migration from Windows to Linux</h2><p>Architected and executed the platform migration of Oracle WebLogic Server application domains from Windows Server to Oracle Linux runtime environments.</p><h3>Key Features & Implementation</h3><ul><li><strong>Domain & Cluster Migration:</strong> Re-platformed WebLogic domain configurations, managed servers, and JDBC connection pools to Linux environments.</li><li><strong>Performance Optimization:</strong> Tuned Linux kernel parameters, JVM heap sizes, and garbage collection policies for high-concurrency enterprise applications.</li><li><strong>Automated Startup Scripts:</strong> Developed systemd service units for automated WebLogic server startup, health monitoring, and graceful shutdowns.</li></ul>"
41,M365 Purview Data Loss Prevention (DLP) & Governance,Business Systems House,2025,M365-Purview-Data-Loss-Prevention-(DLP)-Governance.png,"Configured Microsoft Purview DLP policies to inspect, classify, and protect confidential corporate data across M365, Exchange, and Teams.","Microsoft Purview, M365 DLP, Data Classification, Sensitive Info Types, Retention Policies",<h2>M365 Purview Data Loss Prevention (DLP) & Governance</h2><p>Implemented Microsoft Purview data loss prevention and retention policies to prevent unauthorized sharing of corporate assets and sensitive records.</p><h3>Key Features & Implementation</h3><ul><li><strong>Data Classification Rules:</strong> Formulated auto-labeling policies to identify and tag sensitive financial and personal identification information.</li><li><strong>Exchange & Teams DLP:</strong> Enforced transport rules blocking external auto-forwarding and unauthorized document attachments.</li><li><strong>Audit & Incident Alerts:</strong> Configured real-time compliance administrator alerts for unauthorized policy breach attempts.</li></ul>
42,Microsoft Defender Endpoint Security & Threat Protection,Business Systems House,2025,Microsoft-Defender-Endpoint-Security-Threat-Protection.png,"Deployed Microsoft Defender for Endpoint across corporate laptops and servers, setting up automated threat investigation and response capabilities.","Microsoft Defender for Endpoint, M365 Security Portal, EDR, Attack Surface Reduction (ASR)",<h2>Microsoft Defender Endpoint Security & Threat Protection</h2><p>Engineered endpoint detection and response (EDR) capabilities using Microsoft Defender to protect enterprise workstations from advanced malware threats.</p><h3>Key Features & Implementation</h3><ul><li><strong>Attack Surface Reduction (ASR) Rules:</strong> Deployed targeted ASR rules to block executable content from email clients and office applications.</li><li><strong>Automated Investigation & Response (AIR):</strong> Enabled automated remediation playbooks to isolate infected endpoints and purge malicious artifacts.</li><li><strong>Security Baseline Alignment:</strong> Applied Microsoft security configuration baselines across domain-joined Windows endpoints.</li></ul>
43,ADP Partner Security Risk Assessment & Compliance,Business Systems House,2025,ADP-Partner-Security-Risk-Assessment-Compliance.png,"Led technical compliance alignment for ADP Partner Security Risk Assessment, satisfying enterprise security controls across endpoint, network, and IAM domains.","Security Risk Assessment, ADP Security Controls, Compliance Governance, Audit Logging","<h2>ADP Partner Security Risk Assessment & Compliance</h2><p>Managed compliance validation and technical control evidence preparation for the ADP Partner Security Risk Assessment audit framework.</p><h3>Key Features & Implementation</h3><ul><li><strong>Control Gap Analysis:</strong> Audited endpoint security, network segmentation, and identity lifecycle practices against third-party partner requirements.</li><li><strong>Evidence Documentation:</strong> Compiled technical policy artifacts, configuration screenshots, and system logs validating security controls.</li><li><strong>Action Plan Execution:</strong> Closed identified operational security gaps within target audit deadlines.</li></ul>"
44,HR/Payroll Software Definition & System Architecture (SDD),Business Systems House,2026,HR/Payroll-Software-Definition-System-Architecture-(SDD).png,"Authored the Software Definition Document (SDD) for enterprise HR/Payroll applications, defining system architecture, data models, and security integration points.","Software Definition Document (SDD), Software Architecture, Oracle DB, API Integration, Technical Writing","<h2>HR/Payroll Software Definition & System Architecture (SDD)</h2><p>Authored comprehensive Software Definition Documents (SDD) establishing architectural baselines for enterprise HR and Payroll software solutions.</p><h3>Key Features & Implementation</h3><ul><li><strong>Multi-Tier System Architecture:</strong> Documented application server tiers, database connection pooling, and web interface frameworks.</li><li><strong>Security & Authentication Specifications:</strong> Defined role-based user access matrices, session handling policies, and encrypted payload specifications.</li><li><strong>Data Dictionary & Integration:</strong> Mapped data schemas, interface endpoints, and third-party API integration points for software development teams.</li></ul>"
45,Enterprise Microsoft Entra ID (Azure AD) Architecture,Business Systems House,2025,Enterprise-Microsoft-Entra-ID-(Azure-AD)-Architecture.png,"Administered Microsoft Entra ID (Azure AD) identity tenant, establishing Conditional Access rules, SSO app integrations, and role-based access controls.","Microsoft Entra ID (Azure AD), Conditional Access, Single Sign-On (SSO), OAuth 2.0, SAML","<h2>Enterprise Microsoft Entra ID (Azure AD) Architecture</h2><p>Configured and optimized corporate Microsoft Entra ID identity infrastructure to secure cloud application authentication across all staff users.</p><h3>Key Features & Implementation</h3><ul><li><strong>Conditional Access Enforcement:</strong> Formulated location, device-health, and risk-based MFA enforcement rules for cloud portal access.</li><li><strong>Single Sign-On (SSO) Integration:</strong> Integrated third-party SaaS platforms with Entra ID via SAML 2.0 and OAuth 2.0 for unified credential management.</li><li><strong>Privileged Identity Management (PIM):</strong> Restricted administrative role activation to time-bound, approval-required just-in-time access windows.</li></ul>"
46,Outbound Payroll Mail Delivery & Bounce Analysis,Business Systems House,2026,Outbound-Payroll-Mail-Delivery-Bounce-Analysis.png,Formulated automated mail flow inspection and bounce analysis procedures for high-volume automated payroll and payslip distribution systems.,"Exim Log Analyzer, Shell Scripting, SMTP, Dovecot, Automated Reporting, CSV Processing",<h2>Outbound Payroll Mail Delivery & Bounce Analysis</h2><p>Engineered mail transport log analytics and automated processing scripts to ensure 100% deliverability for automated payroll communication runs.</p><h3>Key Features & Implementation</h3><ul><li><strong>Bounce & Rejection Parsing:</strong> Developed automated log analysis scripts to capture and classify non-delivery reports (NDRs).</li><li><strong>SMTP Authentication Hardening:</strong> Standardized secure authenticated SMTP submission channels for background payroll generation tasks.</li><li><strong>Delivery Exception Reporting:</strong> Generated real-time delivery failure reports for HR teams to maintain accurate employee communication lists.</li></ul>
47,Remote Interactive Display & Power Control Systems,Global Village / Interactive,2021,Remote-Interactive-Display-Power-Control-Systems.png,"Engineered remote-managed interactive exhibit infrastructure featuring automated power control scripts, remote display management, and hardware watchdogs.","Custom Shell Scripting, Remote Power Management, Network Watchdogs, Windows/Linux, Hardware Relays","<h2>Remote Interactive Display & Power Control Systems</h2><p>Architected automated power control systems and remote display management scripts for high-reliability interactive public exhibit hardware.</p><h3>Key Features & Implementation</h3><ul><li><strong>Automated Scripted Power Scheduling:</strong> Programmed custom scripts to automate daily system boot, display wake-up, and graceful shutdown routines.</li><li><strong>Remote Watchdog Monitoring:</strong> Implemented hardware watchdog scripts to detect frozen application states and trigger automated system resets.</li><li><strong>Secure Remote Management:</strong> Established encrypted administrative tunnels for off-site status monitoring and remote maintenance.</li></ul>"
48,Digital Forensics Evidence & Chain-of-Custody Protocols,Information Security Practice,2025,Digital-Forensics-Evidence-Chain-of-Custody-Protocols.png,"Formulated digital evidence preservation protocols, hash verification workflows, and formal chain-of-custody documentation for forensic incident investigations.","FTK Imager, EnCase, Hash Calc (MD5/SHA256), Digital Forensics, Chain of Custody","<h2>Digital Forensics Evidence & Chain-of-Custody Protocols</h2><p>Designed standardized digital forensics procedures for acquiring, verifying, and preserving electronic evidence during security investigations.</p><h3>Key Features & Implementation</h3><ul><li><strong>Bit-Stream Image Acquisition:</strong> Executed forensic write-blocked disk imaging across compromised workstations and server drives.</li><li><strong>Cryptographic Hash Integrity:</strong> Verified evidentiary integrity through real-time MD5 and SHA-256 hash checksum calculation.</li><li><strong>Chain-of-Custody Documentation:</strong> Authored legal-grade forensic tracking forms and evidence vault handling procedures.</li></ul>"
49,Enterprise Network Switch Stack Deployment & Port Security,Business Systems House,2025,Enterprise-Network-Switch-Stack-Deployment-Port-Security.png,"Deployed and configured managed access switches, implementing switch stacking, dynamic port security, and 802.1Q VLAN trunking for corporate offices.","FortiSwitch, Cisco Switches, 802.1Q VLANs, LACP, Port Security, Spanning Tree (STP)","<h2>Enterprise Network Switch Stack Deployment & Port Security</h2><p>Engineered hardware installation, stacking configuration, and security hardening across enterprise network access switches.</p><h3>Key Features & Implementation</h3><ul><li><strong>Hardware Switch Stacking:</strong> Grouped physical switches into unified virtual switch stacks with redundant stack interconnects.</li><li><strong>Dynamic Port Security:</strong> Configured MAC-address limits and dynamic VLAN assignment to prevent unauthorized hardware connections.</li><li><strong>Bandwidth Aggregation (LACP):</strong> Configured multi-link aggregation trunks between access stacks and core firewalls for high throughput.</li></ul>"
50,Cloud Compute Sizing & BYOL vs PAYG Licensing Analysis,Business Systems House,2026,Cloud-Compute-Sizing-BYOL-vs-PAYG-Licensing-Analysis.png,"Performed cloud infrastructure sizing and financial modeling for OCI migration, evaluating Bring Your Own License (BYOL) vs Pay-As-You-Go (PAYG) cost models.","OCI Cost Calculator, Compute Sizing, BYOL vs PAYG, Excel Financial Modeling, TCO Analysis",<h2>Cloud Compute Sizing & BYOL vs PAYG Licensing Analysis</h2><p>Developed comprehensive cloud cost optimization models to analyze licensing and compute shapes for enterprise cloud migration.</p><h3>Key Features & Implementation</h3><ul><li><strong>BYOL vs PAYG Financial Evaluation:</strong> Modeled license mobility savings by leveraging existing on-premises software licenses on OCI.</li><li><strong>Workload Capacity Right-Sizing:</strong> Sized compute OCPUs and memory footprints based on actual peak utilization metrics.</li><li><strong>Multi-Year TCO Forecasting:</strong> Formulated multi-year operational expenditure (OpEx) projections for executive decision-making.</li></ul>
51,Exchange Web Services (EWS) API Integration & Token Management,Business Systems House,2026,Exchange-Web-Services-(EWS)-API-Integration-Token-Management.png,Configured Exchange Web Services (EWS) and Graph API OAuth 2.0 token management pipelines to automate enterprise email metadata extraction and custom application sync.,"Exchange Web Services (EWS), Microsoft Graph API, OAuth 2.0, Exchange Online, PowerShell","<h2>Exchange Web Services (EWS) API Integration & Token Management</h2><p>Designed and deployed secure API integration pipelines using EWS and Microsoft Graph API for custom corporate application authentication.</p><h3>Key Features & Implementation</h3><ul><li><strong>OAuth 2.0 Token Scoping:</strong> Standardized application permission scoping and certificate-backed client secret management for API access.</li><li><strong>EWS & Graph API Pipelines:</strong> Built automated scripts to extract mailbox metadata, process transactional notifications, and sync calendar events.</li><li><strong>Throttling & Limit Handling:</strong> Configured retry logic and backoff algorithms to prevent M365 API request throttling during high-volume sync operations.</li></ul>"
52,Outbound SMTP Relay Hardening & DKIM Cryptographic Signing,Business Systems House,2026,Outbound-SMTP-Relay-Hardening-DKIM-Cryptographic-Signing.png,"Hardened corporate outbound SMTP relays, implementing 2048-bit DKIM cryptographic key signing, DMARC reject policies, and SPF record alignment.","Postfix, Exim MTA, DKIM, DMARC, SPF, OpenSSL, Exchange Online",<h2>Outbound SMTP Relay Hardening & DKIM Cryptographic Signing</h2><p>Hardened enterprise transactional mail relays to guarantee high deliverability rates and protect corporate email domains against spoofing.</p><h3>Key Features & Implementation</h3><ul><li><strong>2048-bit DKIM Key Generation:</strong> Generated and rotated RSA 2048-bit cryptographic key pairs for domain-level outbound mail signing.</li><li><strong>DMARC Enforcement Baseline:</strong> Enforced DMARC policies transitioning from p=none to p=reject with automated failure reporting endpoints.</li><li><strong>Relay Access Control:</strong> Restricted outbound SMTP relaying strictly to authenticated internal application IPs and authorized service accounts.</li></ul>
53,Multi-VLAN Network Segmentation & Trunking Configuration,Business Systems House,2025,Multi-VLAN-Network-Segmentation-Trunking-Configuration.png,"Architected multi-VLAN network segmentation across core switches and firewalls, separating Voice, User, Server, Management, and Guest network traffic.","802.1Q VLAN Trunking, FortiGate, Cisco Switches, Inter-VLAN Routing, Subnetting","<h2>Multi-VLAN Network Segmentation & Trunking Configuration</h2><p>Engineered comprehensive network subnetwork isolation to eliminate flat network security risks and optimize broadcast domains.</p><h3>Key Features & Implementation</h3><ul><li><strong>802.1Q VLAN Trunking:</strong> Standardized tagged VLAN trunks between core firewalls, distribution switch stacks, and wireless access points.</li><li><strong>Isolated Subnet Boundaries:</strong> Separated User (VLAN 200), Server (VLAN 300), Management (VLAN 100), and DMZ (VLAN 301) subnets.</li><li><strong>Firewall Inter-VLAN Inspection:</strong> Mandated full deep packet inspection (DPI) on all inter-VLAN routed traffic across the FortiGate firewall cluster.</li></ul>"
54,Active Directory Group Policy (GPO) Hardening Baseline,Business Systems House,2025,Active-Directory-Group-Policy-(GPO)-Hardening-Baseline.png,"Engineered corporate Group Policy Objects (GPOs) to enforce CIS security benchmarks, local administrator password randomization, and Windows Firewall baselines.","Active Directory (AD DS), Group Policy Objects (GPO), LAPS, CIS Benchmarks, PowerShell","<h2>Active Directory Group Policy (GPO) Hardening Baseline</h2><p>Standardized domain-wide security baselines across all Windows desktop endpoints and member servers using hardened Group Policy Objects.</p><h3>Key Features & Implementation</h3><ul><li><strong>Local Administrator Password Solution (LAPS):</strong> Automated unique, randomized local administrator account passwords with AD-vaulted recovery.</li><li><strong>CIS Security Benchmark Enforcement:</strong> Applied Center for Internet Security (CIS) OS hardening rules restricting SMBv1, PowerShell v2, and NTLMv1.</li><li><strong>Centralized Audit Policies:</strong> Configured Advanced Audit Policy settings to log privilege usage, account logon events, and process creation.</li></ul>"
55,Oracle Cloud Infrastructure (OCI) Compartment & IAM Architecture,Business Systems House,2026,Oracle-Cloud-Infrastructure-(OCI)-Compartment-IAM-Architecture.png,Architected multi-tenant compartment structures and fine-grained Identity and Access Management (IAM) policies in OCI for workload isolation.,"Oracle Cloud Infrastructure (OCI IAM), Compartments, RBAC, Dynamic Groups, OCI Audit","<h2>Oracle Cloud Infrastructure (OCI) Compartment & IAM Architecture</h2><p>Designed a zero-trust cloud resource hierarchy using OCI Compartments and least-privilege IAM policy statements.</p><h3>Key Features & Implementation</h3><ul><li><strong>Compartment Segmentation:</strong> Structured production, staging, and shared service compartments to enforce logical resource boundaries.</li><li><strong>Least-Privilege IAM Policies:</strong> Authored granular IAM statements restricting compute, database, and networking modification rights to specific user groups.</li><li><strong>Dynamic Groups & Instance Principals:</strong> Configured Dynamic Groups allowing OCI compute instances to securely call OCI APIs without hardcoded credentials.</li></ul>"
56,Multi-Tenant Web Proxy & Content Filtering Deployment,Business Systems House,2025,Multi-Tenant-Web-Proxy-Content-Filtering-Deployment.png,Deployed centralized web proxy filtering and SSL inspection on FortiGate firewalls to block malicious web domains and enforce corporate browsing policies.,"FortiGate Web Filter, SSL Deep Inspection, Explicit Web Proxy, Active Directory SSO","<h2>Multi-Tenant Web Proxy & Content Filtering Deployment</h2><p>Architected perimeter web content filtering and SSL deep packet inspection to defend endpoints against web-borne threat vectors.</p><h3>Key Features & Implementation</h3><ul><li><strong>SSL Deep Inspection:</strong> Installed trusted corporate CA certificates on client endpoints to inspect encrypted HTTPS traffic for web threats.</li><li><strong>Category-Based Domain Blocking:</strong> Configured dynamic web category filtering blocking phishing, malware distribution, and unauthorized proxy sites.</li><li><strong>User-Aware Browsing Policies:</strong> Integrated Active Directory SSO to apply differential browsing privileges based on departmental roles.</li></ul>"
57,Data Center Uninterruptible Power Supply (UPS) & Environmental Monitoring,Business Systems House,2025,Data-Center-Uninterruptible-Power-Supply-(UPS)-Environmental-Monitoring.png,Engineered rack-level UPS battery backup redundancy and network-attached environmental temperature/humidity SNMP monitoring for server rooms.,"APC Smart-UPS, SNMP Traps, Environmental Sensors, PowerChute, Automated Shutdown","<h2>Data Center Uninterruptible Power Supply (UPS) & Environmental Monitoring</h2><p>Designed power redundancy and environmental threshold alert systems to prevent server hardware failure during utility power outages.</p><h3>Key Features & Implementation</h3><ul><li><strong>Dual-PDU Power Redundancy:</strong> Configured dual A/B feed power distribution units (PDUs) to support multi-corded server power supplies.</li><li><strong>SNMP Environmental Monitoring:</strong> Deployed network-attached environmental probes tracking temperature, humidity, and liquid detection.</li><li><strong>Automated Graceful Shutdown:</strong> Configured automated server shutdown agents to gracefully power down critical VMs before battery depletion.</li></ul>"
58,Enterprise Print Server Management & Secure Follow-Me Printing,Business Systems House,2025,Enterprise-Print-Server-Management-Secure-Follow-Me-Printing.png,"Centralized corporate print management onto a dedicated Windows Print Server, establishing secure pin/badge follow-me printing and auditing.","Windows Server Print Services, GPO Printer Deployment, RFID Badge Authentication, PaperCut",<h2>Enterprise Print Server Management & Secure Follow-Me Printing</h2><p>Centralized print queue management and deployed secure release printing to eliminate unmonitored document printing across corporate offices.</p><h3>Key Features & Implementation</h3><ul><li><strong>Centralized Print Queues:</strong> Deployed a high-availability Windows Print Server managing all network multifunction devices (MFDs).</li><li><strong>GPO-Driven Deployment:</strong> Automated departmental printer mapping via Active Directory Group Policy preferences based on client location.</li><li><strong>Secure Release Authentication:</strong> Implemented PIN and RFID badge authentication on printers to ensure document privacy.</li></ul>
59,Multi-Region Network Routing & BGP Path Optimization,Business Systems House,2026,Multi-Region-Network-Routing-BGP-Path-Optimization.png,Configured dynamic BGP routing and static route prioritization across site-to-site IPsec VPN tunnels connecting head office and cloud subnets.,"BGP, Dynamic Routing, FortiGate, IPsec VPN, Route Redistribution, OCI FastConnect",<h2>Multi-Region Network Routing & BGP Path Optimization</h2><p>Architected dynamic BGP routing protocols to manage traffic failover and path selection between corporate headquarters and cloud tenancies.</p><h3>Key Features & Implementation</h3><ul><li><strong>Dynamic BGP Peering:</strong> Established BGP routing sessions between FortiGate perimeter firewalls and cloud network gateways.</li><li><strong>Automated Route Failover:</strong> Configured route metrics and AS-Path prepending to ensure instant traffic rerouting during primary link failure.</li><li><strong>Route Summarization & Filtering:</strong> Implemented prefix lists and route maps to prevent transit routing and optimize routing table sizes.</li></ul>
60,Remote Application Publishing via Web Application Proxy,Business Systems House,2026,Remote-Application-Publishing-via-Web-Application-Proxy.png,Published internal enterprise web applications to remote users using Web Application Proxy (WAP) and pre-authentication MFA controls.,"Web Application Proxy (WAP), ADFS, Entra ID Application Gateway, TLS 1.3, Reverse Proxy","<h2>Remote Application Publishing via Web Application Proxy</h2><p>Architected secure reverse proxy publishing for internal legacy web applications, allowing safe remote access without full corporate VPN client connection.</p><h3>Key Features & Implementation</h3><ul><li><strong>Pre-Authentication Controls:</strong> Enforced Entra ID pre-authentication and MFA challenges prior to proxying requests to internal application servers.</li><li><strong>URL Translation & SSL Offloading:</strong> Terminated external TLS connections at the proxy edge and mapped external FQDNs to internal IP targets.</li><li><strong>Header Sanitization & Hardening:</strong> Stripped internal server banners and enforced anti-clickjacking HTTP response headers.</li></ul>"
61,Enterprise Antivirus & EDR Central Management Console,Business Systems House,2025,Enterprise-Antivirus-EDR-Central-Management-Console.png,"Deployed centralized Endpoint Detection and Response (EDR) management console, automating definition updates and threat quarantine actions.","FortiClient EMS, Kaspersky Endpoint Security, Centralized Policy Management, EDR, Active Directory Sync","<h2>Enterprise Antivirus & EDR Central Management Console</h2><p>Implemented a centralized endpoint security management console to manage, monitor, and enforce antivirus and EDR policies across all enterprise assets.</p><h3>Key Features & Implementation</h3><ul><li><strong>Centralized Policy Push:</strong> Configured automated policy assignment rules based on Active Directory Organizational Unit (OU) membership.</li><li><strong>Automated Definition Staging:</strong> Built internal update server mirrors to distribute signature updates without saturating internet links.</li><li><strong>Real-Time Quarantine & Isolation:</strong> Configured automated endpoint network isolation rules upon detection of zero-day malware threats.</li></ul>"
62,Oracle Linux Kernel Optimization & Storage Multipathing,Business Systems House,2026,Oracle-Linux-Kernel-Optimization-Storage-Multipathing.png,"Optimized Oracle Linux kernel parameters (sysctl), memory HugePages, and Device Mapper Multipathing (DM-Multipath) for enterprise database servers.","Oracle Linux 7/8/9, Unbreakable Enterprise Kernel (UEK), DM-Multipath, HugePages, Sysctl Tuning","<h2>Oracle Linux Kernel Optimization & Storage Multipathing</h2><p>Hardened and tuned Oracle Linux server installations for maximum I/O performance and redundant storage path connectivity for database engines.</p><h3>Key Features & Implementation</h3><ul><li><strong>Device Mapper Multipathing:</strong> Configured DM-Multipath for redundant iSCSI/FC storage paths with dynamic load balancing and failover.</li><li><strong>HugePages Memory Configuration:</strong> Configured Linux HugePages memory allocation to optimize database SGA memory management and reduce CPU overhead.</li><li><strong>Kernel Parameter Hardening:</strong> Tuned TCP/IP buffer sizes, file descriptor limits, and shared memory parameters via sysctl configuration.</li></ul>"
63,Identity Federation & SAML Single Sign-On (SSO) Integration,Business Systems House,2025,Identity-Federation-SAML-Single-Sign-On-(SSO)-Integration.png,Integrated SAML 2.0 Single Sign-On (SSO) federated authentication between Entra ID and third-party SaaS platforms to centralize credential management.,"SAML 2.0, Microsoft Entra ID, Identity Federation, Attribute Mapping, X.509 Certificates","<h2>Identity Federation & SAML Single Sign-On (SSO) Integration</h2><p>Federated enterprise user identity across cloud SaaS services using SAML 2.0 protocols to eliminate fragmented password usage.</p><h3>Key Features & Implementation</h3><ul><li><strong>SAML Trust Configuration:</strong> Configured enterprise application trust relationships, signing certificates, and assertion consumer service (ACS) URLs.</li><li><strong>User Attribute & Claim Mapping:</strong> Mapped Active Directory user attributes (UPN, Email, Groups) to custom SAML assertion claims.</li><li><strong>Automated User Provisioning (SCIM):</strong> Configured SCIM protocol integrations for real-time user lifecycle provisioning and deprovisioning.</li></ul>"
64,Legacy Server Decommissioning & Data Sanitization,Business Systems House,2025,Legacy-Server-Decommissioning-Data-Sanitization.png,"Executed physical and virtual server decommissioning protocols, including NIST 800-88 compliant data sanitization and Active Directory purging.","NIST 800-88, DBAN, Disk Sanitization, Active Directory Cleanup, Hyper-V, VMware","<h2>Legacy Server Decommissioning & Data Sanitization</h2><p>Managed technical decommissioning workflows for legacy physical and virtual server infrastructure following strict data privacy standards.</p><h3>Key Features & Implementation</h3><ul><li><strong>NIST-Compliant Disk Wiping:</strong> Performed multi-pass DoD/NIST 800-88 compliant data sanitization on storage drives prior to disposal.</li><li><strong>Directory & DNS Purging:</strong> Removed orphaned server computer accounts, DNS A/PTR records, and stale service principal names (SPNs).</li><li><strong>Archive Preservation:</strong> Created encrypted cold backup snapshots of legacy system states before final compute resource termination.</li></ul>"
65,Remote Desktop Services (RDS) Farm & Session Host Optimization,Business Systems House,2025,Remote-Desktop-Services-(RDS)-Farm-Session-Host-Optimization.png,"Deployed a redundant Remote Desktop Services (RDS) farm with Connection Broker load balancing, Gateway MFA, and Session Host profile disk roaming.","Windows Server RDS, RD Gateway, RD Connection Broker, UDP User Profile Disks, Duo MFA",<h2>Remote Desktop Services (RDS) Farm & Session Host Optimization</h2><p>Architected high-availability Remote Desktop Session Host environments for multi-user application hosting and centralized thin-client management.</p><h3>Key Features & Implementation</h3><ul><li><strong>RD Connection Broker Load Balancing:</strong> Distributed incoming user RDP sessions evenly across redundant Session Host instances.</li><li><strong>RD Gateway MFA Integration:</strong> Encapsulated internal RDP traffic inside HTTPS (Port 443) through RD Gateway with mandatory Duo MFA.</li><li><strong>User Profile Disk (UPD) Storage:</strong> Configured centralized User Profile Disks on high-speed network storage for seamless user profile roaming.</li></ul>
66,Public Key Infrastructure (PKI) & Internal Certificate Authority (CA),Business Systems House,2025,Public-Key-Infrastructure-(PKI)-Internal-Certificate-Authority-(CA).png,Designed two-tier Active Directory Certificate Services (ADCS) Public Key Infrastructure (PKI) for internal SSL/TLS and auto-enrollment.,"Active Directory Certificate Services (ADCS), PKI, X.509 Certificates, CRL, Auto-Enrollment","<h2>Public Key Infrastructure (PKI) & Internal Certificate Authority (CA)</h2><p>Deployed an enterprise two-tier PKI architecture to issue, manage, and revoke internal X.509 digital certificates across domain devices.</p><h3>Key Features & Implementation</h3><ul><li><strong>Two-Tier Hierarchy:</strong> Isolated offline Root Certificate Authority with an online subordinate Issuing CA joined to Active Directory.</li><li><strong>Automated Certificate Auto-Enrollment:</strong> Configured Group Policy auto-enrollment templates for workstation SSL, IPsec, and Wi-Fi authentication.</li><li><strong>CRL & OCSP Revocation Distribution:</strong> Published high-availability Certificate Revocation Lists (CRLs) and Online Responder endpoints.</li></ul>"
67,Domain Name System (DNS) Security Hardening & Split-Brain DNS,Business Systems House,2026,Domain-Name-System-(DNS)-Security-Hardening-Split-Brain-DNS.png,"Implemented Split-Brain DNS, DNSSEC, and response rate limiting to protect enterprise DNS infrastructure against cache poisoning and spoofing.","Windows Server DNS, BIND, Split-Brain DNS, DNSSEC, DNS Sinkholing, Umbrella","<h2>Domain Name System (DNS) Security Hardening & Split-Brain DNS</h2><p>Hardened internal and external DNS infrastructure to eliminate internal IP disclosure while enforcing secure domain resolution.</p><h3>Key Features & Implementation</h3><ul><li><strong>Split-Horizon / Split-Brain DNS:</strong> Configured separate internal and external DNS zones so corporate FQDNs resolve to private IPs internally and public IPs externally.</li><li><strong>DNS Threat Sinkholing:</strong> Configured DNS recursion rules to sinkhole known malicious malware and command-and-control (C2) domains.</li><li><strong>Cache Poisoning Mitigation:</strong> Enabled DNS socket pooling, response rate limiting (RRL), and restricted zone transfers to authorized secondary servers.</li></ul>"
68,Multi-Path Storage Area Network (SAN) & iSCSI Target Configuration,Business Systems House,2025,Multi-Path-Storage-Area-Network-(SAN)-iSCSI-Target-Configuration.png,"Configured high-performance SAN storage arrays, provisioning iSCSI LUN targets, CHAP authentication, and MPIO path redundancy for VM clusters.","iSCSI, SAN Storage Arrays, MPIO, CHAP Authentication, LUN Provisioning, Jumbo Frames",<h2>Multi-Path Storage Area Network (SAN) & iSCSI Target Configuration</h2><p>Designed and provisioned enterprise iSCSI storage targets and SAN volume allocations to back virtualized server clusters.</p><h3>Key Features & Implementation</h3><ul><li><strong>LUN Provisioning & Masking:</strong> Created dedicated high-IOPS storage volumes and configured target LUN masking for virtualization host clusters.</li><li><strong>Jumbo Frames & Network Optimization:</strong> Configured MTU 9000 Jumbo Frames across dedicated non-routable storage VLAN switches.</li><li><strong>CHAP Authentication Hardening:</strong> Enforced Mutual CHAP authentication protocols between iSCSI initiators and storage targets.</li></ul>
69,Cybersecurity Incident Communication & Escalation Matrix,Business Systems House,2026,Cybersecurity-Incident-Communication-Escalation-Matrix.png,"Designed organizational cybersecurity incident escalation matrices, defining severity triage rules, notification timelines, and reporting templates.","Incident Management, Escalation Frameworks, ISO 27001 CSIRT, SLA Management","<h2>Cybersecurity Incident Communication & Escalation Matrix</h2><p>Developed operational escalation frameworks establishing clear ownership, response timelines, and communication protocols during cyber incidents.</p><h3>Key Features & Implementation</h3><ul><li><strong>Severity-Based Triage Matrix:</strong> Defined SEV-1 (Critical) through SEV-4 (Low) incident classification criteria and response SLAs.</li><li><strong>Automated On-Call Escalation:</strong> Configured automated PagerDuty/SMS alert workflows routing urgent alerts directly to on-call security leads.</li><li><strong>Regulatory Reporting Playbooks:</strong> Drafted pre-approved breach notification templates complying with UAE data privacy reporting windows.</li></ul>"
70,Enterprise Wireless Network (Wi-Fi 6) & 802.1X RADIUS Authentication,Business Systems House,2025,Enterprise-Wireless-Network-(Wi-Fi-6)-802.1X-RADIUS-Authentication.png,"Architected enterprise Wi-Fi 6 infrastructure with 802.1X RADIUS WPA3-Enterprise security, guest portals, and access point heat-mapping.","FortiAP, FortiGate Wireless Controller, 802.1X, WPA3-Enterprise, RADIUS (NPS), Active Directory",<h2>Enterprise Wireless Network (Wi-Fi 6) & 802.1X RADIUS Authentication</h2><p>Designed and deployed high-density enterprise wireless networks featuring 802.1X certificate authentication and isolated guest network portals.</p><h3>Key Features & Implementation</h3><ul><li><strong>802.1X WPA3-Enterprise Security:</strong> Integrated Windows Network Policy Server (NPS) RADIUS authentication with Active Directory user/device credentials.</li><li><strong>Dynamic VLAN Assignment:</strong> Dynamically assigned connected wireless users to their respective departmental VLANs upon successful 802.1X login.</li><li><strong>Captive Portal Guest Network:</strong> Deployed an isolated Guest Wi-Fi SSID with bandwidth rate-limiting and self-service captive portal registration.</li></ul>
71,Network Monitoring System (Log-NMS) & SNMP Trap Aggregation,Business Systems House,2026,Network-Monitoring-System-(Log-NMS)-SNMP-Trap-Aggregation.png,"Deployed a centralized Network Monitoring System (Log-NMS) aggregating SNMP traps, ICMP polling, and bandwidth telemetry across core switches and routers.","Log-NMS, SNMPv3, Syslog, ICMP Polling, FortiSwitch, Cisco IOS, Dashboarding","<h2>Network Monitoring System (Log-NMS) & SNMP Trap Aggregation</h2><p>Architected a centralized Network Monitoring System (NMS) to collect real-time performance metrics, bandwidth telemetry, and hardware alerts across corporate network assets.</p><h3>Key Features & Implementation</h3><ul><li><strong>SNMPv3 Encrypted Polling:</strong> Configured SNMPv3 authNoPriv/authPriv profiles across core firewalls, switches, and UPS systems for secure metric retrieval.</li><li><strong>Automated Threshold Alerting:</strong> Built automated email and web notification triggers for interface errors, packet drops, and high CPU/RAM utilization.</li><li><strong>Topology Mapping & Telemetry:</strong> Designed real-time visual rack and network topology diagrams mapping active link throughput.</li></ul>"
72,Network Storage Virtualization & Storage Multipathing (MPIO),Business Systems House,2025,Network-Storage-Virtualization-Storage-Multipathing-(MPIO).png,Configured virtual storage pools and Microsoft MPIO multipathing for Hyper-V and Oracle Linux host clusters to eliminate storage path bottlenecks.,"iSCSI SAN, MPIO, Windows Server Hyper-V, Oracle Linux, LUN Target Configuration",<h2>Network Storage Virtualization & Storage Multipathing (MPIO)</h2><p>Architected high-availability storage connectivity for virtualization clusters by implementing iSCSI Multipath I/O (MPIO) load balancing.</p><h3>Key Features & Implementation</h3><ul><li><strong>MPIO Policy Optimization:</strong> Configured Round Robin with Subset multipath policies across dual dedicated storage network adapters.</li><li><strong>Storage Pool Provisioning:</strong> Provisioned dynamic thin-provisioned virtual disk pools with automated thin-provisioning space alerts.</li><li><strong>Fault Isolation:</strong> Validated non-disruptive storage path failover by simulating physical cable disconnects during active workload execution.</li></ul>
73,Remote Workplace Security & Endpoint Isolation Standards,Business Systems House,2026,Remote-Workplace-Security-Endpoint-Isolation-Standards.png,"Formulated remote work security standards, establishing mandatory host-integrity checks, split-tunneling restrictions, and isolated VPN access policies.","FortiClient SSL-VPN, Host Checking, Entra ID Conditional Access, BitLocker, Duo MFA","<h2>Remote Workplace Security & Endpoint Isolation Standards</h2><p>Established a secure remote workplace framework enforcing device posture validation before granting remote network access.</p><h3>Key Features & Implementation</h3><ul><li><strong>Endpoint Posture Verification:</strong> Configured FortiClient pre-connection checks verifying OS patch levels, active antivirus, and disk encryption status.</li><li><strong>Zero-Trust Access Scoping:</strong> Restricted remote users to specific Jump Host ports via granular firewall policy rules rather than open subnet routing.</li><li><strong>Incident Isolation Protocols:</strong> Deployed one-click endpoint isolation capabilities to sever compromised remote device VPN tunnels instantly.</li></ul>"
74,Enterprise Disaster Recovery Site Cutover & Failback Drills,Business Systems House,2026,Enterprise-Disaster-Recovery-Site-Cutover-Failback-Drills.png,"Planned and executed bi-annual Disaster Recovery cutover drills, validating database RPO/RTO targets, DNS failover, and application availability.","Oracle Data Guard, Hyper-V Replica, DNS Cutover, BGP Route Rerouting, DR Playbook",<h2>Enterprise Disaster Recovery Site Cutover & Failback Drills</h2><p>Organized structured disaster recovery testing drills to measure system resilience and ensure operational continuity during catastrophic outages.</p><h3>Key Features & Implementation</h3><ul><li><strong>Automated Cutover Execution:</strong> Tested database Data Guard failover and virtual machine replica spin-up under simulated blackout conditions.</li><li><strong>DNS & IP Rerouting:</strong> Validated automated internal and external DNS record updates redirecting client traffic to the secondary DR datacenter.</li><li><strong>RPO/RTO Validation:</strong> Achieved an RPO under 5 minutes and an RTO under 1 hour for all Tier-1 transactional services.</li></ul>
75,Azure AD Application Proxy & SSO Hybrid Integration,Business Systems House,2025,Azure-AD-Application-Proxy-SSO-Hybrid-Integration.png,Deployed Azure AD Application Proxy connectors to publish legacy on-premises web applications to remote users with single sign-on (SSO).,"Azure AD Application Proxy, Entra ID, Single Sign-On, Kerberos Constrained Delegation (KCD)","<h2>Azure AD Application Proxy & SSO Hybrid Integration</h2><p>Architected secure cloud publishing for on-premises internal portals, enabling SSO and MFA without exposing direct inbound firewall ports.</p><h3>Key Features & Implementation</h3><ul><li><strong>Inbound Port Elimination:</strong> Utilized outbound-only Azure AD App Proxy connector services to route external traffic securely.</li><li><strong>Kerberos Constrained Delegation (KCD):</strong> Configured KCD to seamlessly authenticate cloud-authenticated users to internal Windows-authenticated web apps.</li><li><strong>Conditional Access Binding:</strong> Enforced device compliance and geo-blocking policies on all external application access attempts.</li></ul>"
76,Secure Email Gateway (SEG) Transport & Spam Policy Tuning,Business Systems House,2026,Secure-Email-Gateway-(SEG)-Transport-Spam-Policy-Tuning.png,"Configured Secure Email Gateway (SEG) mail flow rules, anti-phishing inspection engines, and attachment sandboxing to stop email threats.","Exchange Online Protection (EOP), Defender for Office 365, Mail Transport Rules, SPF/DKIM/DMARC","<h2>Secure Email Gateway (SEG) Transport & Spam Policy Tuning</h2><p>Optimized cloud email gateway filtering policies to eliminate phishing, spoofing, and malicious macro attachment ingestion.</p><h3>Key Features & Implementation</h3><ul><li><strong>Anti-Phishing & Impersonation Rules:</strong> Enforced display-name and domain impersonation protection for C-suite executive user accounts.</li><li><strong>Safe Attachments & Safe Links:</strong> Enabled real-time URL detonation and attachment sandboxing prior to inbox delivery.</li><li><strong>Custom Transport Rules:</strong> Authored custom mail flow rules flagging external incoming emails with visual warning banners.</li></ul>"
77,Datacenter Hardware Maintenance & Rack Optimization,Business Systems House,2025,Datacenter-Hardware-Maintenance-Rack-Optimization.png,"Executed server rack consolidation, dual-power feed distribution, thermal airflow balancing, and server blade chassis maintenance.","Server Rack Architecture, APC PDUs, Cable Management, Server Maintenance, Thermal Optimization","<h2>Datacenter Hardware Maintenance & Rack Optimization</h2><p>Re-architected server room physical layout and power distribution to improve thermal efficiency, cable organization, and hardware serviceability.</p><h3>Key Features & Implementation</h3><ul><li><strong>A/B Power Path Distribution:</strong> Balanced redundant server power supplies across independent UPS-backed power distribution units.</li><li><strong>Hot/Cold Aisle Thermal Management:</strong> Installed blanking panels and organized cable routes to eliminate hot-air recirculation.</li><li><strong>Hardware Lifecycle Auditing:</strong> Cataloged server serial numbers, warranty lifespans, and memory module diagnostics into an ITAM database.</li></ul>"
78,Enterprise Dynamic Host Configuration Protocol (DHCP) Failover,Business Systems House,2025,Enterprise-Dynamic-Host-Configuration-Protocol-(DHCP)-Failover.png,"Deployed high-availability Windows DHCP Failover in Load-Balance mode across dual domain controllers, securing scope options and IP reservation pools.","Windows Server DHCP, DHCP Failover, IPAM, Active Directory, Option 81 DNS Updates",<h2>Enterprise Dynamic Host Configuration Protocol (DHCP) Failover</h2><p>Architected redundant DHCP service infrastructure to eliminate single points of failure in IP address lease assignment across departmental VLANs.</p><h3>Key Features & Implementation</h3><ul><li><strong>Load-Balanced DHCP Failover:</strong> Configured active-active 50/50 load-sharing DHCP failover relationships between primary and secondary servers.</li><li><strong>Rogue DHCP Server Detection:</strong> Enabled Active Directory DHCP authorization and switch-level DHCP Snooping to block unauthorized routers.</li><li><strong>Dynamic DNS Registration:</strong> Configured secure DHCP Option 81 credentials to dynamically update Forward/Reverse DNS records upon lease assignment.</li></ul>
79,Multi-Tenant Web Server Load Balancing & Reverse Proxying,Business Systems House,2026,Multi-Tenant-Web-Server-Load-Balancing-Reverse-Proxying.png,Deployed NGINX reverse proxy clusters to distribute HTTP/HTTPS traffic across multi-tenant web application server farms.,"NGINX, Reverse Proxy, Load Balancing, TLS 1.3, Health Probes, HTTP/2",<h2>Multi-Tenant Web Server Load Balancing & Reverse Proxying</h2><p>Deployed NGINX reverse proxy clusters to distribute HTTP/HTTPS traffic across multi-tenant web application server farms.</p><h3>Key Features & Implementation</h3><ul><li><strong>Round-Robin & Least-Connections Routing:</strong> Implemented dynamic traffic distribution algorithms tailored to application session persistence needs.</li><li><strong>SSL/TLS Offloading:</strong> Terminated client HTTPS sessions at the proxy layer to relieve backend WebLogic and IIS servers of cryptographic processing.</li><li><strong>Automated Health Probes:</strong> Configured active HTTP status-code health probes to automatically drop unresponsive backend nodes from active pools.</li></ul>
80,Enterprise Privilege Access Management (PAM) & LAPS Deployment,Business Systems House,2025,Enterprise-Privilege-Access-Management-(PAM)-LAPS-Deployment.png,Engineered Windows Local Administrator Password Solution (LAPS) and Privileged Access Management (PAM) workflows to eliminate shared admin credentials.,"Windows LAPS, Active Directory, PAM, Privilege Elevation, RBAC, PowerShell",<h2>Enterprise Privilege Access Management (PAM) & LAPS Deployment</h2><p>Eliminated pass-the-hash attack risks by deploying Windows LAPS to continuously randomize local administrator passwords across workstation fleets.</p><h3>Key Features & Implementation</h3><ul><li><strong>Automated Password Randomization:</strong> Configured GPO rules forcing 16-character randomized local admin passwords rotated every 30 days.</li><li><strong>AD-Vaulted Password Encryption:</strong> Restricted LAPS password read permissions strictly to authorized Tier-2 IT service desk personnel.</li><li><strong>Privilege Elevation Tracking:</strong> Configured audit alerts whenever a local administrator password was checked out from Active Directory.</li></ul>
81,Enterprise Network Bandwidth Optimization & Quality of Service (QoS),Business Systems House,2025,Enterprise-Network-Bandwidth-Optimization-Quality-of-Service-(QoS).png,Configured Traffic Shaping and DSCP Quality of Service (QoS) rules on FortiGate firewalls to prioritize VoIP and critical business application traffic.,"FortiGate Traffic Shaping, QoS, DSCP Tagging, Bandwidth Management, VoIP Optimization",<h2>Enterprise Network Bandwidth Optimization & Quality of Service (QoS)</h2><p>Implemented perimeter traffic shaping policies to guarantee low-latency bandwidth allocations for critical voice and ERP data traffic.</p><h3>Key Features & Implementation</h3><ul><li><strong>VoIP & Video Prioritization:</strong> Configured DSCP EF (Expedited Forwarding) queues for SIP/RTP voice traffic across perimeter WAN links.</li><li><strong>Non-Essential Rate Limiting:</strong> Enforced maximum bandwidth caps on cloud storage synchronization and personal media streaming categories.</li><li><strong>Guaranteed Bandwidth Pools:</strong> Reserved minimum guaranteed throughput pipes for core database replication traffic during peak operational hours.</li></ul>
82,Multi-Tenant Cloud Tenant Partitioning & Billing Management,Business Systems House,2026,Multi-Tenant-Cloud-Tenant-Partitioning-Billing-Management.png,Established cloud cost center tagging and compartment-level budget tracking across OCI and M365 tenants to streamline inter-departmental billing.,"OCI Cost Analysis, Cost Center Tagging, M365 License Allocation, Budget Alerts, Excel","<h2>Multi-Tenant Cloud Tenant Partitioning & Billing Management</h2><p>Engineered a structured resource tagging schema to track cloud infrastructure expenditure and allocate operational costs to specific business units.</p><h3>Key Features & Implementation</h3><ul><li><strong>Mandatory Cost-Center Tagging:</strong> Enforced OCI tag defaults automatically tagging newly provisioned compute, storage, and networking resources.</li><li><strong>Automated Budget Threshold Alerts:</strong> Configured real-time email alerts when monthly departmental spend exceeded 80% and 100% forecast thresholds.</li><li><strong>License Quota Harvesting:</strong> Built automated license cleanup scripts to identify and reclaim inactive M365 licenses monthly.</li></ul>"
83,System Center / Endpoint Management Software Deployment Pipelines,Business Systems House,2025,System-Center-Endpoint-Management-Software-Deployment-Pipelines.png,Created automated silent software deployment packages (MSI/EXE) via Microsoft Intune and Group Policy for corporate desktop applications.,"Microsoft Intune, GPO Software Deployment, PowerShell App Deployment Toolkit (PSADT), MSI Packaging","<h2>System Center / Endpoint Management Software Deployment Pipelines</h2><p>Standardized corporate desktop software installation by packaging applications into unattended, silent deployment scripts.</p><h3>Key Features & Implementation</h3><ul><li><strong>Unattended Packaging (PSADT):</strong> Packaged complex enterprise software suites using PowerShell App Deployment Toolkit wrappers.</li><li><strong>Targeted User Group Assignments:</strong> Assigned application deployment groups in Intune based on dynamic user departmental attributes.</li><li><strong>Self-Service Company Portal:</strong> Published approved utility software to the Microsoft Intune Company Portal for end-user self-installation.</li></ul>"
84,Server Operating System In-Place Upgrade & Migration Baseline,Business Systems House,2025,Server-Operating-System-In-Place-Upgrade-Migration-Baseline.png,Executed in-place OS upgrades and migration staging for legacy Windows Server 2012 R2 instances up to Windows Server 2022 STD.,"Windows Server 2012 R2 / 2019 / 2022, Server Migration Tools, Hyper-V Checkpoints, System State Backup","<h2>Server Operating System In-Place Upgrade & Migration Baseline</h2><p>Managed technical OS upgrade cycles to migrate legacy, end-of-life Windows Server instances onto modern supported Windows Server versions.</p><h3>Key Features & Implementation</h3><ul><li><strong>System State Snapshot Validation:</strong> Created full VM checkpoints and bare-metal backup images prior to executing OS upgrades.</li><li><strong>Role & Feature Migration:</strong> Migrated Active Directory, IIS web hosting, and DHCP server roles to clean server OS builds.</li><li><strong>Application Compatibility Verification:</strong> Tested custom line-of-business software services post-upgrade to verify registry and DLL dependencies.</li></ul>"
85,Enterprise Storage System Firmware & Driver Lifecycle Management,Business Systems House,2025,Enterprise-Storage-System-Firmware-Driver-Lifecycle-Management.png,"Executed non-disruptive rolling firmware updates across enterprise SAN storage arrays, RAID controllers, and host bus adapters (HBAs).","SAN Firmware Updating, RAID Controller Drivers, HBA Firmware, Storage Manager, Non-Disruptive Updates","<h2>Enterprise Storage System Firmware & Driver Lifecycle Management</h2><p>Maintained storage array performance and security by executing scheduled, non-disruptive firmware and driver updates across storage controllers.</p><h3>Key Features & Implementation</h3><ul><li><strong>Dual-Controller Rolling Upgrades:</strong> Updated dual-controller SAN storage arrays sequentially, maintaining host I/O connectivity via multipath failover.</li><li><strong>Host HBA Driver Alignment:</strong> Aligned Fiber Channel/iSCSI Host Bus Adapter (HBA) driver versions on host servers with storage matrix recommendations.</li><li><strong>Drive Enclosure Microcode Patches:</strong> Applied SAS/SATA physical drive microcode updates to mitigate disk controller timeout bugs.</li></ul>"
86,Cybersecurity Risk Register & Impact Assessment Matrix,Business Systems House,2026,Cybersecurity-Risk-Register-Impact-Assessment-Matrix.png,"Developed the corporate Cybersecurity Risk Register, scoring threat likelihood/impact and mapping mitigation owners across IT infrastructure.","Risk Register, ISO 27005 Risk Assessment, Threat Modeling, NIST RMF, Impact Analysis","<h2>Cybersecurity Risk Register & Impact Assessment Matrix</h2><p>Established a formal IT risk management framework cataloging technical vulnerabilities, business impact scores, and mitigation action plans.</p><h3>Key Features & Implementation</h3><ul><li><strong>Likelihood vs Impact Scoring Matrix:</strong> Evaluated operational, financial, and reputational risk factors to assign standardized risk ratings (Low to Critical).</li><li><strong>Mitigation Ownership Tracking:</strong> Assigned specific technical remediations and target completion dates to system administrators.</li><li><strong>Executive Board Reporting:</strong> Prepared quarterly residual risk summaries for executive management review.</li></ul>"
87,Active Directory Domain Forest Functional Level Upgrade,Business Systems House,2025,Active-Directory-Domain-Forest-Functional-Level-Upgrade.png,"Upgraded Active Directory Domain and Forest Functional Levels to Windows Server 2016/2019, enabling Kerberos AES encryption and AD Recycle Bin.","Active Directory (AD DS), Forest Functional Level, Kerberos AES, AD Recycle Bin, ntdsutil",<h2>Active Directory Domain Forest Functional Level Upgrade</h2><p>Executed domain functional level upgrades across Active Directory forests to unlock modern security features and authentication protocols.</p><h3>Key Features & Implementation</h3><ul><li><strong>Active Directory Health Auditing:</strong> Verified SYSVOL DFRS replication health and cleaned up stale metadata using ntdsutil prior to raising levels.</li><li><strong>AD Recycle Bin Activation:</strong> Enabled the Active Directory Recycle Bin feature allowing instant recovery of accidentally deleted user/group objects.</li><li><strong>Kerberos AES Encryption Enforcement:</strong> Standardized Kerberos AES-128 and AES-256 encryption support across all service accounts and domain controllers.</li></ul>
88,Virtual Machine Snapshot Architecture & Backup Storage Thinning,Business Systems House,2026,Virtual-Machine-Snapshot-Architecture-Backup-Storage-Thinning.png,Engineered automated hypervisor snapshot consolidation and backup storage deduplication routines to recover SAN block storage capacity.,"Veeam Backup & Replication, Hyper-V Checkpoint Consolidation, Deduplication, ReFS Storage",<h2>Virtual Machine Snapshot Architecture & Backup Storage Thinning</h2><p>Implemented automated backup repository deduplication and hypervisor checkpoint monitoring to prevent storage allocation exhaustion.</p><h3>Key Features & Implementation</h3><ul><li><strong>Orphaned Checkpoint Auto-Detection:</strong> Built PowerShell scripts to flag and gracefully consolidate lingering hypervisor checkpoints older than 72 hours.</li><li><strong>ReFS Block-Cloning Storage:</strong> Configured ReFS synthetic full backup repositories utilizing fast-clone technology to save storage space.</li><li><strong>GFS Backup Retention Policy:</strong> Standardized Grandfather-Father-Son (GFS) backup retention chains for compliant long-term archival.</li></ul>
89,Enterprise Proxy Auto-Configuration (PAC) & Web Routing Architecture,Business Systems House,2025,Enterprise-Proxy-Auto-Configuration-(PAC)-Web-Routing-Architecture.png,Authored and deployed Proxy Auto-Configuration (wpad.dat / PAC) scripts to dynamically route client browser web traffic through perimeter proxies.,"PAC Files, WPAD, JavaScript, Explicit Proxy, FortiGate, Group Policy (GPO)",<h2>Enterprise Proxy Auto-Configuration (PAC) & Web Routing Architecture</h2><p>Designed intelligent browser traffic redirection by deploying centralized PAC files to manage explicit proxy routing for corporate endpoints.</p><h3>Key Features & Implementation</h3><ul><li><strong>Dynamic Traffic Routing Logic:</strong> Authored custom JavaScript PAC functions bypassing proxies for internal RFC1918 subnets while enforcing proxying for internet targets.</li><li><strong>Failover Proxy Redundancy:</strong> Configured primary and secondary proxy fallback declarations to guarantee uninterrupted web browsing during proxy maintenance.</li><li><strong>GPO WPAD Deployment:</strong> Published PAC file locations dynamically via DHCP Option 252 and Group Policy Internet Settings.</li></ul>
90,Network Address Translation (NAT) & Port Forwarding Architecture,Business Systems House,2026,Network-Address-Translation-(NAT)-Port-Forwarding-Architecture.png,"Configured Static SNAT/DNAT, VIP port forwarding, and Central NAT rules on FortiGate firewalls to publish internal web and SFTP services securely.","FortiGate Central NAT, VIPs, Destination NAT (DNAT), Source NAT (SNAT), IP Pools","<h2>Network Address Translation (NAT) & Port Forwarding Architecture</h2><p>Architected clean perimeter NAT policies mapping public IP addresses to isolated internal DMZ server endpoints with explicit port restriction.</p><h3>Key Features & Implementation</h3><ul><li><strong>Virtual IP (VIP) Mapping:</strong> Mapped static external public IP addresses to internal DMZ server IPs restricted strictly to required listening ports (e.g., 443, 22).</li><li><strong>Source NAT (SNAT) IP Pools:</strong> Configured outbound overload NAT IP pools to prevent perimeter gateway IP port exhaustion during peak user hours.</li><li><strong>Hairpin NAT Routing:</strong> Configured loopback NAT rules allowing internal office users to resolve public FQDNs to local servers seamlessly.</li></ul>"
91,Database Maintenance Automation & Index Defragmentation,Business Systems House,2025,Database-Maintenance-Automation-Index-Defragmentation.png,"Automated database maintenance jobs, including index rebuilding, table statistics updates, and transaction log truncation for high-load systems.","Oracle DB, SQL Server Maintenance Plans, T-SQL, PL/SQL, Index Defragmentation, Cron / Agent Jobs",<h2>Database Maintenance Automation & Index Defragmentation</h2><p>Engineered automated off-peak database maintenance tasks to optimize query execution plans and prevent transaction log bloat.</p><h3>Key Features & Implementation</h3><ul><li><strong>Automated Index Rebuilding:</strong> Programmed conditional maintenance tasks rebuilding fragmented indexes based on fragmentation percentage thresholds (>30%).</li><li><strong>Optimizer Statistics Maintenance:</strong> Configured nightly statistics gathering tasks ensuring query optimizers utilize accurate data distribution statistics.</li><li><strong>Log Truncation & Shrink Maintenance:</strong> Managed transaction log backup and truncation routines to maintain stable storage utilization.</li></ul>
92,Multi-Tenant Cloud IAM Governance & Least-Privilege Audit,Business Systems House,2026,Multi-Tenant-Cloud-IAM-Governance-Least-Privilege-Audit.png,"Audited cloud IAM role assignments across Azure and OCI tenancies, revoking over-privileged administrative rights and enforcing least-privilege RBAC.","Entra ID IAM, OCI IAM, IAM Audit, RBAC, Least-Privilege Enforcement, PowerShell",<h2>Multi-Tenant Cloud IAM Governance & Least-Privilege Audit</h2><p>Executed comprehensive cloud identity audits to eliminate over-privileged user access and enforce strict role-based access governance.</p><h3>Key Features & Implementation</h3><ul><li><strong>Global Admin Role Pruning:</strong> Reduced Global Administrator and Tenant Admin assignments to the absolute minimum necessary personnel.</li><li><strong>Custom Granular RBAC Roles:</strong> Replaced broad built-in admin roles with custom IAM roles scoped strictly to required resource groups.</li><li><strong>Automated Access Reviews:</strong> Configured periodic Entra ID Access Reviews requiring department heads to certify user group memberships quarterly.</li></ul>
93,Enterprise File Server Migration & NTFS Permission Inheritance,Business Systems House,2025,Enterprise-File-Server-Migration-NTFS-Permission-Inheritance.png,"Migrated multi-terabyte corporate file shares to new Windows Server storage hosts, preserving NTFS access control lists (ACLs) and share permissions.","Windows Server File Services, Robocopy, NTFS ACLs, File System Auditing, DFS-N","<h2>Enterprise File Server Migration & NTFS Permission Inheritance</h2><p>Engineered multi-phase data migrations for shared departmental file drives while preserving complex NTFS security permissions and SID histories.</p><h3>Key Features & Implementation</h3><ul><li><strong>ACL-Preserved Data Sync:</strong> Executed multi-pass Robocopy mirror scripts preserving security descriptors, timestamps, and NTFS ACL inheritance.</li><li><strong>Distributed File System Namespaces (DFS-N):</strong> Configured DFS Namespaces mapping drive letters to logical paths to decouple client mappings from physical server names.</li><li><strong>Cutover Window Execution:</strong> Executed delta file synchronization during off-peak weekend windows to guarantee zero data drift post-cutover.</li></ul>"
94,Enterprise Password Policy & Fine-Grained Password Settings (FGPP),Business Systems House,2025,Enterprise-Password-Policy-Fine-Grained-Password-Settings-(FGPP).png,Configured Active Directory Fine-Grained Password Policies (FGPP) to enforce 16+ character passphrases and lockout rules for privileged accounts.,"Active Directory FGPP, Password Policy, Account Lockout Thresholds, PowerShell, AD Administrative Center",<h2>Enterprise Password Policy & Fine-Grained Password Settings (FGPP)</h2><p>Architected differential password complexity baselines by deploying Active Directory Fine-Grained Password Policies to high-privilege account groups.</p><h3>Key Features & Implementation</h3><ul><li><strong>Privileged Account Passphrase Baselines:</strong> Enforced mandatory 16-character minimum passphrases and 90-day rotation for Domain Admin accounts.</li><li><strong>Account Lockout Hardening:</strong> Configured aggressive account lockout thresholds (5 invalid attempts) to mitigate brute-force password guessing attacks.</li><li><strong>Breached Password Dictionary Checks:</strong> Integrated password filter DLLs checking new password attempts against known breached password lists.</li></ul>
95,Enterprise Web Application Performance Tuning & Caching,Business Systems House,2026,Enterprise-Web-Application-Performance-Tuning-Caching.png,"Optimized web application response times through HTTP Gzip/Brotli compression, static asset browser caching, and database query caching.","IIS, Apache, NGINX, HTTP Compression, Gzip, Browser Caching, WebLogic Caching","<h2>Enterprise Web Application Performance Tuning & Caching</h2><p>Engineered web server performance optimizations to accelerate web application load speeds and reduce database query overhead.</p><h3>Key Features & Implementation</h3><ul><li><strong>HTTP Compression Enablement:</strong> Configured Gzip and Brotli response compression on web servers, reducing payload transfer sizes by up to 70%.</li><li><strong>Static Content Caching Headers:</strong> Set long-lived Cache-Control and ETag headers for images, CSS, and JavaScript static assets.</li><li><strong>Connection Keep-Alive Optimization:</strong> Tuned HTTP Keep-Alive timeouts and maximum connection limits to handle concurrent user spikes.</li></ul>"
96,Server Operating System Security Patching Automation,Business Systems House,2025,Server-Operating-System-Security-Patching-Automation.png,Automated monthly server OS security patching cycles across Windows and Linux server fleets using WSUS and automated orchestration scripts.,"WSUS, Windows Update for Business, Linux YUM/DNF Automation, PowerShell, Maintenance Windows","<h2>Server Operating System Security Patching Automation</h2><p>Architected automated monthly security patch management pipelines to maintain 100% OS patch compliance across server infrastructure.</p><h3>Key Features & Implementation</h3><ul><li><strong>Staged Patch Rollout Groups:</strong> Structured patch deployment into Test (Day +3), Staging (Day +7), and Production (Day +14) maintenance rings.</li><li><strong>Automated Pre/Post Reboot Verification:</strong> Built PowerShell post-patching scripts verifying critical service status before closing maintenance windows.</li><li><strong>Patch Compliance Reporting:</strong> Generated automated monthly patch compliance dashboards highlighting unpatched or reboot-pending hosts.</li></ul>"
97,Multi-Factor Authentication (MFA) Soft-Token Migration & Support,Business Systems House,2025,Multi-Factor-Authentication-(MFA)-Soft-Token-Migration-Support.png,"Migrated staff users from SMS-based 2FA to Microsoft Authenticator app soft-tokens, configuring Number Matching and Location Context.","Microsoft Authenticator, Entra ID MFA, Number Matching, FIDO2, Security Keys",<h2>Multi-Factor Authentication (MFA) Soft-Token Migration & Support</h2><p>Hardened multi-factor authentication security by migrating users from vulnerable SMS text messages to push-notification soft tokens.</p><h3>Key Features & Implementation</h3><ul><li><strong>Number Matching & Location Display:</strong> Enforced Number Matching in Microsoft Authenticator prompts to prevent MFA fatigue attack exploitation.</li><li><strong>SMS Deprecation Campaign:</strong> Authored end-user setup guides and led transition workshops onboarding staff to smartphone authenticator apps.</li><li><strong>FIDO2 Hardware Key Provisioning:</strong> Deployed physical FIDO2 USB security keys for high-risk administrative users operating in sensitive environments.</li></ul>
98,Enterprise Directory Synchronization & Azure AD Connect Hardening,Business Systems House,2026,Enterprise-Directory-Synchronization-Azure-AD-Connect-Hardening.png,"Deployed and hardened Azure AD Connect (Entra Connect) directory sync, configuring Password Hash Sync (PHS), Seamless SSO, and OU filtering.","Azure AD Connect / Entra Connect, Password Hash Sync (PHS), Seamless SSO, Active Directory, OU Filtering",<h2>Enterprise Directory Synchronization & Azure AD Connect Hardening</h2><p>Configured hybrid identity synchronization using Azure AD Connect to securely bridge on-premises Active Directory with Microsoft 365.</p><h3>Key Features & Implementation</h3><ul><li><strong>Password Hash Sync (PHS) & Leaked Credential Detection:</strong> Enabled PHS with Leaked Credentials Detection to identify compromised corporate passwords automatically.</li><li><strong>Selective OU Sync Filtering:</strong> Filtered directory synchronization scope to sync approved user and group Organizational Units only.</li><li><strong>Staging Server Redundancy:</strong> Configured a secondary Azure AD Connect server in Staging Mode for rapid standby failover.</li></ul>
99,Virtual Machine Resource Allocation & Memory Dynamic Optimization,Business Systems House,2025,Virtual-Machine-Resource-Allocation-Memory-Dynamic-Optimization.png,"Optimized virtual machine vCPU and RAM allocations across Hyper-V host clusters, implementing Dynamic Memory allocation to maximize density.","Windows Server Hyper-V, Dynamic Memory, vCPU Sizing, NUMA Node Balancing, Resource Metering","<h2>Virtual Machine Resource Allocation & Memory Dynamic Optimization</h2><p>Optimized hypervisor host resource utilization to eliminate vCPU overcommit contention and recover physical RAM capacity.</p><h3>Key Features & Implementation</h3><ul><li><strong>Dynamic Memory Configuration:</strong> Configured Dynamic Memory startup, minimum, and maximum RAM buffer limits for stateless server workloads.</li><li><strong>Non-Uniform Memory Access (NUMA) Alignment:</strong> Aligned large database VM memory footprints to single physical NUMA nodes to reduce memory latency.</li><li><strong>Resource Metering & Right-Sizing:</strong> Audited hypervisor CPU/RAM utilization logs to right-size over-provisioned virtual machine shapes.</li></ul>"
100,Enterprise IT Service Desk Knowledge Base & SOP Standardization,Business Systems House,2026,Enterprise-IT-Service-Desk-Knowledge-Base-SOP-Standardization.png,Authored comprehensive IT Service Desk Standard Operating Procedures (SOPs) and self-service knowledge base articles following ITIL guidelines.,"ITIL v4 Framework, Technical Writing, Documentation, Knowledge Base, Incident Management","<h2>Enterprise IT Service Desk Knowledge Base & SOP Standardization</h2><p>Standardized IT support operations by authoring structured Standard Operating Procedures (SOPs) and end-user troubleshooting documentation.</p><h3>Key Features & Implementation</h3><ul><li><strong>Service Desk SOP Library:</strong> Authored step-by-step procedures for account provisioning, MFA resets, printer mapping, and VPN troubleshooting.</li><li><strong>Self-Service Knowledge Base:</strong> Published illustrated end-user guides empowering staff to resolve common software queries independently.</li><li><strong>ITIL Process Mapping:</strong> Standardized Incident, Service Request, and Problem Management workflows to reduce ticket resolution SLAs.</li></ul>"
101,Pakistan Pavilion Interactive AV & Automation Infrastructure,Expo 2020 Dubai / Farnek,2021,Pakistan-Pavilion-Interactive-AV-Automation-Infrastructure.png,"Designed and managed core IT, PABX, CCTV, WLAN, and automated PLC control systems for the Pakistan Pavilion exhibit displays.","PLC Automation, AV Control Systems, PABX, CCTV, Custom Shell Scripts, Cisco Catalyst","<h2>Pakistan Pavilion Interactive AV & Automation Infrastructure</h2><p>Engineered and maintained the complete technical infrastructure, interactive AV displays, and automation server controllers for the Pakistan Pavilion at World Expo 2020.</p><h3>Key Features & Implementation</h3><ul><li><strong>PLC & AV Remote Automation:</strong> Developed custom scripts for automated power cycling, status monitoring, and remote scene control across exhibit display servers.</li><li><strong>Converged Venue Network:</strong> Administered high-density Wi-Fi 6, IP CCTV cameras, access control doors, and PABX telephony networks across the pavilion.</li><li><strong>High-Uptime SLA:</strong> Maintained continuous technical operational uptime throughout the 6-month international event.</li></ul>"
102,Government IT Infrastructure RFP & Technical Proposal Architecture,Al Zain Oasis Technology,2019,Government-IT-Infrastructure-RFP-Technical-Proposal-Architecture.png,"Researched, drafted, and submitted technical proposals and BOMs for major UAE government RFPs (MOFAC, MOE, MOI, MOHAP).","RFP Technical Writing, Bill of Materials (BOM), Network Design, Infrastructure Audit","<h2>Government IT Infrastructure RFP & Technical Proposal Architecture</h2><p>Architected comprehensive technical proposals, network designs, and hardware BOMs responding to enterprise RFPs for UAE federal ministries.</p><h3>Key Features & Implementation</h3><ul><li><strong>Enterprise Client Scope:</strong> Delivered technical solutions for MOFAC, MOE, MOI, MOHAP, MOHRE, SEWA, and FEWA.</li><li><strong>Compliance & Policy Alignment:</strong> Aligned hardware architecture specifications with government cyber security baselines and data sovereignty mandates.</li><li><strong>BOM Cost Optimization:</strong> Formulated structured cost-effective hardware bills of materials for core networking and server infrastructure.</li></ul>"
103,Enterprise Digital Rights Management (EDRM) RFP Specifications,Awqaf / Government Entity,2020,Enterprise-Digital-Rights-Management-(EDRM)-RFP-Specifications.png,"Authored end-to-end RFP specifications for Enterprise Digital Rights Management, email encryption, and file access governance.","EDRM, Information Rights Management (IRM), Outlook DLP, Data Classification","<h2>Enterprise Digital Rights Management (EDRM) RFP Specifications</h2><p>Authored formal technical requirements for deploying enterprise-wide document classification, dynamic watermarking, and digital rights tracking.</p><h3>Key Features & Implementation</h3><ul><li><strong>Granular Rights Enforcement:</strong> Defined specifications restricting file printing, screen captures, editing, and forwarding for sensitive documents.</li><li><strong>Dynamic Watermarking:</strong> Mandated dynamic user-IP and timestamp watermarks on opened corporate attachments.</li><li><strong>M365 & Email Integration:</strong> Detailed seamless integration with Outlook DLP and local file servers.</li></ul>"
104,Fortinet FortiGate Perimeter Firewall Policy Optimization,Business Systems House,2025,Fortinet-FortiGate-Perimeter-Firewall-Policy-Optimization.png,"Audited, consolidated, and hardened Fortinet FortiGate firewall rulesets, eliminating redundant NAT policies and open ports.","Fortinet FortiGate (FG-121G), FortiOS, FortiAnalyzer, IPsec VPN, Deep Packet Inspection","<h2>Fortinet FortiGate Perimeter Firewall Policy Optimization</h2><p>Executed comprehensive firewall policy cleanup and security profile hardening across enterprise perimeter firewalls.</p><h3>Key Features & Implementation</h3><ul><li><strong>Rule Consolidation:</strong> Audited 200+ legacy firewall rules, removing duplicate policies and tight-scoping wildcard port permissions.</li><li><strong>Deep Packet Inspection (DPI):</strong> Enforced SSL Deep Packet Inspection, IPS signatures, and Web Content Filtering across production subnets.</li><li><strong>Automated Backup & Syslog:</strong> Configured automated configuration snapshot backups to FortiAnalyzer.</li></ul>"
105,Server Room Cabling & Physical Infrastructure Deployment,Business Systems House,2025,Server-Room-Cabling-Physical-Infrastructure-Deployment.png,"Engineered hardware racking, Cat6A/fiber patch cabling, VLAN trunking, and power distribution for server room upgrades.","Cat6A / Fiber Optics, Structured Cabling, Cisco / FortiSwitch, Rack Optimization, PDU","<h2>Server Room Cabling & Physical Infrastructure Deployment</h2><p>Designed standard operating procedures and physical layouts for server deployments, rack mounting, and network patch panel terminations.</p><h3>Key Features & Implementation</h3><ul><li><strong>Structured Cabling Standards:</strong> Implemented color-coded patching standards for DMZ, management, and internal production networks.</li><li><strong>VLAN & Switch Mapping:</strong> Mapped non-overlapping subnets and 802.1Q trunking across rack-mounted switches.</li><li><strong>Power Path Redundancy:</strong> Distributed server dual-power supplies across independent UPS PDUs.</li></ul>"
106,Internal Network Vulnerability Assessment & Remediation (VAPT),Business Systems House,2025,Internal-Network-Vulnerability-Assessment-Remediation-(VAPT).png,"Led internal vulnerability scanning and penetration test remediation, achieving zero high-risk findings across production subnets.","Qualys Cloud Agents, Network Scanner, OS Hardening, VAPT Remediation","<h2>Internal Network Vulnerability Assessment & Remediation (VAPT)</h2><p>Overseen internal network vulnerability scanning programs and patched identified SSL/TLS and SMB configuration flaws.</p><h3>Key Features & Implementation</h3><ul><li><strong>Continuous Scanning:</strong> Deployed Qualys agents across private VLANs and web hosting DMZs.</li><li><strong>System Hardening:</strong> Remediated open SSL ciphers, unpatched Windows components, and weak SMB protocol settings.</li><li><strong>Executive TruRisk Reporting:</strong> Prepared executive-ready risk summary reports detailing remediation timelines.</li></ul>"
107,Healthcare Management System Security Architecture,Healthcare IT Sector,2024,Healthcare-Management-System-Security-Architecture.png,Designed security access controls and data encryption standards for healthcare information systems to safeguard patient privacy.,"HIPAA Compliance, Active Directory RBAC, TLS 1.3, Data Encryption",<h2>Healthcare Management System Security Architecture</h2><p>Implemented role-based access control and encrypted communication protocols for healthcare management platforms.</p><h3>Key Features & Implementation</h3><ul><li><strong>Least-Privilege Access Control:</strong> Enforced fine-grained RBAC permissions for clinical staff accessing medical databases.</li><li><strong>Data Encryption:</strong> Standardized TLS 1.3 encryption in-transit and AES-256 encryption at-rest for patient records.</li><li><strong>Audit Logging:</strong> Configured comprehensive log retention pipelines tracking user record access.</li></ul>
108,ISO 27001 Security Policy & Operational Framework Setup,Al Zain Oasis Technology,2022,ISO-27001-Security-Policy-Operational-Framework-Setup.png,"Researched, drafted, and operationalized security policies, access standards, and incident procedures adhering to ISO 27001.","ISO 27001, Information Security Governance, Risk Management, Security SOPs","<h2>ISO 27001 Security Policy & Operational Framework Setup</h2><p>Developed enterprise IT security policies and operational procedures to establish baseline security governance.</p><h3>Key Features & Implementation</h3><ul><li><strong>Policy Development:</strong> Drafted Password Policies, Acceptable Use Policies, and Access Control Matrices.</li><li><strong>Asset Classification:</strong> Categorized hardware, software, and data assets based on business criticality.</li><li><strong>Audit Preparedness:</strong> Established internal audit review cycles to ensure continuous compliance.</li></ul>"
109,Corporate PABX Telephony & IP-PBX Trunk Migration,Electritech Technology,2018,Corporate-PABX-Telephony-IP-PBX-Trunk-Migration.png,"Configured and deployed Grandstream / Asterisk IP-PBX systems, SIP trunks, IVR trees, and extension routing across corporate offices.","IP-PBX, Grandstream, SIP Trunking, VoIP, IVR, Voice VLANs",<h2>Corporate PABX Telephony & IP-PBX Trunk Migration</h2><p>Engineered IP telephony infrastructure to replace legacy analog PABX systems with encrypted SIP voice communication.</p><h3>Key Features & Implementation</h3><ul><li><strong>Voice Network Isolation:</strong> Isolated voice traffic onto a dedicated 802.1Q Voice VLAN with QoS priority.</li><li><strong>Interactive Voice Response (IVR):</strong> Configured multi-level IVR auto-attendants and call hunting groups.</li><li><strong>SIP Trunk Security:</strong> Hardened SIP transport channels against unauthorized toll-fraud exploitation.</li></ul>
110,CCTV & Physical Access Control System (PACS) Integration,Electritech Technology,2017,CCTV-Physical-Access-Control-System-(PACS)-Integration.png,"Deployed network video recorders (NVRs), IP cameras, and door access controller hardware for multi-tenant commercial facilities.","Hikvision NVR, Biometric Door Controllers, IP CCTV, Access Control, Wiegand",<h2>CCTV & Physical Access Control System (PACS) Integration</h2><p>Designed and installed physical security systems combining IP camera surveillance and RFID/Biometric access control.</p><h3>Key Features & Implementation</h3><ul><li><strong>High-Retention Video Storage:</strong> Configured H.265 compression and RAID-5 NVR storage arrays for 90-day video retention.</li><li><strong>Door Access Controllers:</strong> Integrated magnetic locks and biometric card readers with central management software.</li><li><strong>Network Isolation:</strong> Placed physical security controllers on an air-gapped security network segment.</li></ul>
111,Multi-Site Site-to-Site IPsec VPN Network Deployment,Al Zain Oasis Technology,2021,Multi-Site-Site-to-Site-IPsec-VPN-Network-Deployment.png,Configured site-to-site IPsec VPN tunnels across regional branch offices to enable secure internal application access.,"IPsec VPN, AES-256, FortiGate, Router Configuration, Dynamic Routing",<h2>Multi-Site Site-to-Site IPsec VPN Network Deployment</h2><p>Architected encrypted WAN connectivity connecting branch office networks to central datacenter services.</p><h3>Key Features & Implementation</h3><ul><li><strong>AES-256 Encryption:</strong> Enforced AES-256 encryption and SHA-256 authentication hash baselines on VPN tunnels.</li><li><strong>Redundant Tunneling:</strong> Configured backup VPN paths over secondary ISP links for automatic failover.</li><li><strong>Centralized Access Control:</strong> Restricted inter-site traffic to specific required server IPs and ports.</li></ul>
112,Enterprise Endpoint Antivirus & Security Deployment,Electritech Technology,2018,Enterprise-Endpoint-Antivirus-Security-Deployment.png,"Deployed centralized Endpoint Protection (Kaspersky / Symantec) across client workstations, automating daily virus definition updates.","Antivirus Central Console, Endpoint Protection, GPO Deployment, Malware Remediation",<h2>Enterprise Endpoint Antivirus & Security Deployment</h2><p>Centralized malware protection across 150+ desktop endpoints using centralized administrative management consoles.</p><h3>Key Features & Implementation</h3><ul><li><strong>Automated Agent Push:</strong> Deployed security agents remotely via Active Directory Group Policy scripts.</li><li><strong>Local Mirror Update Server:</strong> Configured internal update mirrors to conserve external internet bandwidth.</li><li><strong>USB Drive Inspection:</strong> Enforced real-time scanning and mass storage device blocking.</li></ul>
113,Windows Server Active Directory Domain Controller Migration,Electritech Technology,2017,Windows-Server-Active-Directory-Domain-Controller-Migration.png,"Promoted Windows Server 2016 Domain Controllers, migrated FSMO roles, and upgraded domain functional levels.","Windows Server 2016, Active Directory, FSMO Roles, DNS, DFRS Replication","<h2>Windows Server Active Directory Domain Controller Migration</h2><p>Executed domain infrastructure upgrades, migrating legacy Active Directory environments onto Windows Server 2016.</p><h3>Key Features & Implementation</h3><ul><li><strong>FSMO Role Transfer:</strong> Seamlessly transferred Schema, RID, and PDC Emulator roles to new hardware.</li><li><strong>SYSVOL DFRS Migration:</strong> Migrated legacy FRS SYSVOL replication to DFRS.</li><li><strong>DNS Zone Health:</strong> Cleaned up stale DNS records and active directory tombstone objects.</li></ul>"
114,Outdoor High-Density Public Wi-Fi Network Engineering,Global Village / Event Infra,2021,Outdoor-High-Density-Public-Wi-Fi-Network-Engineering.png,"Performed RF spectrum analysis, heatmapping, and controller setup for outdoor high-density public Wi-Fi deployments.","Ruckus / Aruba Wireless, RF Heatmapping, Captive Portal, 802.11ac, Channel Planning","<h2>Outdoor High-Density Public Wi-Fi Network Engineering</h2><p>Architected outdoor wireless coverage for high-density public event areas, optimizing channel allocation and signal handoff.</p><h3>Key Features & Implementation</h3><ul><li><strong>RF Spectrum Optimization:</strong> Conducted site surveys to plan non-overlapping 2.4GHz and 5GHz radio channel maps.</li><li><strong>Captive Portal Onboarding:</strong> Configured guest bandwidth rate-limiting and session time limits.</li><li><strong>Interference Mitigation:</strong> Adjusted Access Point power output to prevent adjacent channel co-interference.</li></ul>"
115,Data Center Precision Cooling & Airflow Management Setup,Electritech Technology,2019,Data-Center-Precision-Cooling-Airflow-Management-Setup.png,"Configured server room precision air conditioning (CRAC) units, hot/cold aisle containment, and environmental monitoring probes.","CRAC Units, Environmental SNMP Monitoring, Airflow Management, Thermal Probes",<h2>Data Center Precision Cooling & Airflow Management Setup</h2><p>Optimized server room physical environmental conditions to maintain baseline operating temperatures for server equipment.</p><h3>Key Features & Implementation</h3><ul><li><strong>Aisle Containment:</strong> Installed physical blanking panels to eliminate hot-air recirculation into server intakes.</li><li><strong>SNMP Temperature Alerts:</strong> Programmed threshold alerts sending immediate notifications if ambient temp exceeded 24°C.</li><li><strong>CRAC Redundancy:</strong> Set up dual alternating precision cooling units for 24/7 climate stability.</li></ul>
116,Enterprise On-Premises Mail Server (Exchange) Hardening,Al Zain Oasis Technology,2020,Enterprise-On-Premises-Mail-Server-(Exchange)-Hardening.png,"Hardened on-premises Microsoft Exchange Server infrastructure, applying Cumulative Updates, RPC-over-HTTP, and SSL certificates.","Microsoft Exchange Server, Exchange Admin Center, TLS Certificates, Anti-Spam Rules","<h2>Enterprise On-Premises Mail Server (Exchange) Hardening</h2><p>Managed operational health, patch maintenance, and transport rule security for client Microsoft Exchange Server deployments.</p><h3>Key Features & Implementation</h3><ul><li><strong>TLS Certificate Renewal:</strong> Installed trusted third-party SSL/TLS certificates across IIS and SMTP services.</li><li><strong>Anti-Spam & Transport Filtering:</strong> Configured connection filtering, IP block lists, and attachment size restrictions.</li><li><strong>Database Maintenance:</strong> Managed Exchange EDB database defragmentation and automated backup verification.</li></ul>"
117,Remote Management & RDP Security Hardening Framework,Business Systems House,2024,Remote-Management-RDP-Security-Hardening-Framework.png,"Hardened remote administrative RDP access, disabling default ports, enforcing NLA, and binding multi-factor authentication.","Remote Desktop Services (RDS), NLA, Duo MFA, Windows Firewall, Group Policy","<h2>Remote Management & RDP Security Hardening Framework</h2><p>Eliminated unauthorized RDP brute-force attack vectors across enterprise servers by enforcing zero-trust administrative access controls.</p><h3>Key Features & Implementation</h3><ul><li><strong>Network Level Authentication (NLA):</strong> Enforced mandatory NLA on all server Remote Desktop listening endpoints.</li><li><strong>MFA Binding:</strong> Integrated Duo MFA push notifications for all administrative server logins.</li><li><strong>Port & Subnet Restriction:</strong> Blocked direct public RDP access, restricting logins strictly via encrypted Jump Hosts.</li></ul>"
118,Branch Office IT Infrastructure Turnkey Setup,Al Zain Oasis Technology,2020,Branch-Office-IT-Infrastructure-Turnkey-Setup.png,"Executed end-to-end turnkey IT provisioning for new regional branch offices, including racking, cabling, ISP coordination, and PCs.","IT Infrastructure Setup, Switch Racking, Router Setup, Desktop Imaging, Patching","<h2>Branch Office IT Infrastructure Turnkey Setup</h2><p>Managed full lifecycle IT provisioning for new corporate branch offices from blank room to operational site.</p><h3>Key Features & Implementation</h3><ul><li><strong>Hardware Deployment:</strong> Installed network rack, switches, routers, IP phones, and workstations.</li><li><strong>Automated OS Staging:</strong> Imaged client PCs using standardized master system images containing pre-configured security tools.</li><li><strong>ISP Circuit Activation:</strong> Coordinated with local telecom providers to terminate and test primary internet lines.</li></ul>"
119,Digital Forensics Incident Triage & Evidence Recovery,Information Security Practice,2023,Digital-Forensics-Incident-Triage-Evidence-Recovery.png,"Conducted digital forensic investigations, memory dump analyses, and disk image acquisitions following system compromise incidents.","FTK Imager, CyberChef, Volatility, Memory Forensics, Event Log Parsing",<h2>Digital Forensics Incident Triage & Evidence Recovery</h2><p>Performed technical forensic analysis to identify malware persistence mechanisms and account breach vectors.</p><h3>Key Features & Implementation</h3><ul><li><strong>Forensic Disk Imaging:</strong> Created write-blocked bit-stream images of affected system drives for offline analysis.</li><li><strong>RAM Memory Analysis:</strong> Extracted volatile RAM artifacts using Volatility to detect un-injected DLL payloads.</li><li><strong>Incident Timeline Reconstruction:</strong> Reconstructed chronological attack timelines from Windows Security Event logs.</li></ul>
120,Snooker / Sports Facility Management IT Setup,Sports Facility Project,2022,Snooker-Sports-Facility-Management-IT-Setup.png,"Designed and implemented the complete IT infrastructure, POS network, public Wi-Fi, and scoring system network for a sports facility.","POS Networking, Guest Wi-Fi, Micro-Switching, Local Servers, VLANs","<h2>Snooker / Sports Facility Management IT Setup</h2><p>Architected network infrastructure, automated display scoring connections, and point-of-sale terminals for specialized sports venues.</p><h3>Key Features & Implementation</h3><ul><li><strong>POS Network Segmentation:</strong> Isolated payment terminals and credit card processing devices onto a dedicated PCI-compliant VLAN.</li><li><strong>Public Guest Wi-Fi:</strong> Deployed bandwidth-managed guest Wi-Fi coverage across the facility.</li><li><strong>Scoring Display Connectivity:</strong> Connected digital scoreboards to central management servers over low-latency wired Ethernet.</li></ul>"
121,Multi-Factor Authentication (MFA) Fatigue Protection & Number Matching,Business Systems House,2026,Multi-Factor-Authentication-(MFA)-Fatigue-Protection-Number-Matching.png,Enforced Microsoft Entra ID Number Matching and Location Context in authenticator app push notifications to mitigate MFA fatigue attacks.,"Microsoft Entra ID MFA, Number Matching, Location Context, Conditional Access, FIDO2",<h2>Multi-Factor Authentication (MFA) Fatigue Protection & Number Matching</h2><p>Upgraded corporate MFA security policies across all user accounts to defeat MFA prompt bombing and fatigue attack vectors.</p><h3>Key Features & Implementation</h3><ul><li><strong>Number Matching Enforcement:</strong> Mandated entering matching display numbers in the Microsoft Authenticator app to approve sign-in attempts.</li><li><strong>Geographic Location Display:</strong> Enabled real-time city and IP location context within push notification prompts to alert users of fraudulent login attempts.</li><li><strong>Legacy Auth Block:</strong> Disabled legacy IMAP/POP3 authentication protocols across all Exchange Online mailboxes to prevent MFA bypass.</li></ul>
122,Edge Web Application Firewall (WAF) Rule Hardening & OWASP Top 10,Business Systems House,2026,Edge-Web-Application-Firewall-(WAF)-Rule-Hardening-OWASP-Top-10.png,"Hardened edge Web Application Firewall (WAF) rule profiles, mitigating OWASP Top 10 web application security risks and SQL injection vectors.","WAF, OWASP Top 10, FortiWeb, ModSecurity, HTTP Security Headers, Reverse Proxy","<h2>Edge Web Application Firewall (WAF) Rule Hardening & OWASP Top 10</h2><p>Configured web application firewall rulesets to inspect and filter inbound web traffic targeting production web applications.</p><h3>Key Features & Implementation</h3><ul><li><strong>SQLi & XSS Inspection:</strong> Configured deep payload inspection to block SQL injection, cross-site scripting (XSS), and remote code execution attempts.</li><li><strong>Rate Limiting & Anti-Scraping:</strong> Applied request rate limits to login and API endpoints to stop automated brute-force scripts.</li><li><strong>Virtual Patching:</strong> Deployed immediate WAF virtual patching rules for newly disclosed web application vulnerabilities prior to code fixes.</li></ul>"
123,Enterprise Active Directory DNS Security & Response Rate Limiting,Business Systems House,2025,Enterprise-Active-Directory-DNS-Security-Response-Rate-Limiting.png,"Hardened Active Directory integrated DNS infrastructure, implementing Response Rate Limiting (RRL), cache locking, and secure zone transfers.","Windows Server DNS, DNSSEC, Response Rate Limiting (RRL), Cache Locking, Active Directory","<h2>Enterprise Active Directory DNS Security & Response Rate Limiting</h2><p>Secured core domain name resolution infrastructure against cache poisoning, DNS amplification attacks, and unauthorized zone transfers.</p><h3>Key Features & Implementation</h3><ul><li><strong>DNS Cache Locking:</strong> Enforced DNS cache locking at 100% to prevent overwriting cached records during active TTL periods.</li><li><strong>Restricted Zone Transfers:</strong> Configured DNS zone transfer permissions strictly to explicit, authorized secondary DNS server IP addresses.</li><li><strong>RRL & socket Pooling:</strong> Enabled Response Rate Limiting (RRL) and DNS socket pooling to neutralize DNS amplification attack vectors.</li></ul>"
124,Secure File Transfer Protocol (SFTP) Automation Pipelines,Business Systems House,2026,Secure-File-Transfer-Protocol-(SFTP)-Automation-Pipelines.png,Designed automated batch file sync pipelines using Cerberus SFTP and PowerShell REST API calls with SSH public key authentication.,"Cerberus FTP Server, SFTP/SSH, Public Key Auth, PowerShell, REST API, Task Scheduler","<h2>Secure File Transfer Protocol (SFTP) Automation Pipelines</h2><p>Architected automated, encrypted data pipeline transfers across internal business units and external financial entity partners.</p><h3>Key Features & Implementation</h3><ul><li><strong>SSH Public Key Authentication:</strong> Replaced password-based SFTP logins with 4096-bit RSA SSH public/private key pair authentication.</li><li><strong>Automated Ingestion & Cleanup:</strong> Built PowerShell scripts to automatically pick up, decrypt, ingest, and archive batch processing files.</li><li><strong>Granular Folder Isolation:</strong> Provisioned chrooted isolated user folder directories preventing directory traversal attempts.</li></ul>"
125,Enterprise Windows Server Failover Clustering (WSFC),Business Systems House,2025,Enterprise-Windows-Server-Failover-Clustering-(WSFC).png,Architected Windows Server Failover Clusters (WSFC) with cloud witness quorum to deliver high-availability hosting for database instances.,"Windows Server Failover Clustering (WSFC), Cloud Witness, Active Directory, Hyper-V, iSCSI SAN",<h2>Enterprise Windows Server Failover Clustering (WSFC)</h2><p>Deployed high-availability server clusters to ensure continuous operational uptime for mission-critical application and database services.</p><h3>Key Features & Implementation</h3><ul><li><strong>Cloud Witness Quorum:</strong> Configured Azure/OCI Blob Storage cloud witness quorums to maintain cluster voting stability without physical site bias.</li><li><strong>Cluster Shared Volumes (CSV):</strong> Provisioned shared storage CSV volumes allowing concurrent VM access across cluster nodes.</li><li><strong>Live Migration Validation:</strong> Tested non-disruptive live migration of running virtual machine workloads during host node maintenance.</li></ul>
126,Enterprise Cloud Access Security Broker (CASB) Policy Deployment,Business Systems House,2026,Enterprise-Cloud-Access-Security-Broker-(CASB)-Policy-Deployment.png,"Configured Microsoft Defender for Cloud Apps (CASB) to audit shadow IT usage, restrict unapproved cloud app uploads, and enforce session controls.","Microsoft Defender for Cloud Apps (CASB), Entra ID, Shadow IT Audit, DLP, Session Controls","<h2>Enterprise Cloud Access Security Broker (CASB) Policy Deployment</h2><p>Implemented cloud application governance to gain visibility into unapproved SaaS usage and prevent corporate data exfiltration.</p><h3>Key Features & Implementation</h3><ul><li><strong>Shadow IT Discovery:</strong> Integrated firewall traffic logs into CASB to discover, score, and rank unapproved cloud web applications.</li><li><strong>Conditional App Control:</strong> Applied real-time session controls blocking document downloads onto unmanaged personal devices.</li><li><strong>Malware Upload Inspection:</strong> Enabled real-time file scanning for inbound cloud uploads to stop cloud repository malware contamination.</li></ul>"
127,Virtual Local Area Network (VLAN) Dynamic Access Architecture,Business Systems House,2025,Virtual-Local-Area-Network-(VLAN)-Dynamic-Access-Architecture.png,"Engineered dynamic VLAN assignment via RADIUS 802.1X authentication, placing connected user devices automatically into designated network subnets.","802.1X, RADIUS (NPS), Dynamic VLAN Assignment, FortiSwitch, Active Directory OU",<h2>Virtual Local Area Network (VLAN) Dynamic Access Architecture</h2><p>Automated network edge access control by dynamically assigning VLAN tags to switch ports upon user credentials verification.</p><h3>Key Features & Implementation</h3><ul><li><strong>RADIUS-Driven VLAN Tagging:</strong> Configured Windows NPS to return Tunnel-Pvt-Group-ID attributes during 802.1X port authentication.</li><li><strong>Rogue Device Quarantine:</strong> Configured un-authenticated fallback VLANs restricting untrusted devices to isolated internet-only guest access.</li><li><strong>Port Access Hardening:</strong> Standardized MAC-based bypass (MAB) for non-802.1X IoT devices with central address whitelisting.</li></ul>
128,Datacenter Fibre Channel Storage Area Network (FC-SAN) Zoning,Business Systems House,2025,Datacenter-Fibre-Channel-Storage-Area-Network-(FC-SAN)-Zoning.png,"Configured dual-fabric Fibre Channel SAN switches, implementing single-initiator WWN zoning and multi-path storage mapping for server hosts.","Fibre Channel (FC), Brocade Switches, WWN Zoning, SAN Storage, Multipathing (MPIO)",<h2>Datacenter Fibre Channel Storage Area Network (FC-SAN) Zoning</h2><p>Architected redundant 16Gbps Fibre Channel SAN fabrics to deliver low-latency block storage connectivity to enterprise virtualization clusters.</p><h3>Key Features & Implementation</h3><ul><li><strong>Single-Initiator WWN Zoning:</strong> Configured hard zoning based on World Wide Names (WWN) isolating host HBA ports to dedicated storage controllers.</li><li><strong>Dual-Fabric Redundancy:</strong> Deployed physically air-gapped Fabric A and Fabric B switch fabrics to guarantee 100% storage path redundancy.</li><li><strong>Optics & Link Health Auditing:</strong> Conducted optical SFP transceiver light-level diagnostics to ensure zero-loss data frame transmission.</li></ul>
129,Enterprise Active Directory Identity Lifecycle Automation,Business Systems House,2026,Enterprise-Active-Directory-Identity-Lifecycle-Automation.png,"Developed automated PowerShell identity provisioning scripts creating AD user accounts, mailboxes, home drives, and security group memberships.","PowerShell, Active Directory (AD DS), Exchange Management Shell, NTFS File Shares, GPO","<h2>Enterprise Active Directory Identity Lifecycle Automation</h2><p>Automated employee onboarding workflows to accelerate user account creation and guarantee consistent security group assignments.</p><h3>Key Features & Implementation</h3><ul><li><strong>Single-Command Onboarding:</strong> Built scripted workflows creating user objects, standardized SAM account names, and primary UPNs from CSV HR feeds.</li><li><strong>Automated Folder Provisioning:</strong> Created user personal home directories, assigned NTFS permissions, and populated drive mapping GPOs.</li><li><strong>Standardized Group RBAC:</strong> Automatically assigned baseline departmental security group memberships based on job title attributes.</li></ul>"
130,Multi-Tenant Cloud Disaster Recovery Runbook Automation,Business Systems House,2026,Multi-Tenant-Cloud-Disaster-Recovery-Runbook-Automation.png,"Authored and automated cloud Disaster Recovery runbooks, orchestrating virtual machine failover order, database promotion, and DNS cutover.","PowerShell, Azure Automation / OCI CLI, Data Guard, DNS API, DR Runbooks","<h2>Multi-Tenant Cloud Disaster Recovery Runbook Automation</h2><p>Architected automated disaster recovery orchestration runbooks to meet strict Recovery Time Objectives (RTO) during full site outages.</p><h3>Key Features & Implementation</h3><ul><li><strong>Sequenced Workload Spin-Up:</strong> Programmed execution scripts booting domain controllers first, followed by database instances and application servers.</li><li><strong>Automated Public DNS Cutover:</strong> Integrated REST API scripts to automatically rewrite public DNS A records to secondary cloud IP targets.</li><li><strong>Post-Failover Health Probes:</strong> Executed automated synthetic application transactions to verify service health prior to user traffic release.</li></ul>"
131,Enterprise Wireless Network Heatmapping & RF Survey,Business Systems House,2025,Enterprise-Wireless-Network-Heatmapping-RF-Survey.png,"Conducted predictive and passive site RF Wi-Fi surveys, optimizing access point placement, transmit power, and roaming handoff thresholds.","Ekahau Site Survey, RF Spectrum Analysis, FortiAP, 802.11ax Wi-Fi 6, Signal Heatmapping",<h2>Enterprise Wireless Network Heatmapping & RF Survey</h2><p>Optimized enterprise Wi-Fi coverage across multi-floor corporate offices to eliminate dead zones and support seamless voice roaming.</p><h3>Key Features & Implementation</h3><ul><li><strong>RF Spectrum Analysis:</strong> Identified external co-channel interference sources and non-Wi-Fi radio frequency noise.</li><li><strong>Roaming Handoff Optimization:</strong> Calibrated 802.11k/v/r fast-roaming parameters to ensure uninterrupted VoIP calls while moving between floors.</li><li><strong>Tx Power & Channel Tuning:</strong> Adjusted AP radio transmit power and channel widths (20MHz/40MHz) to minimize adjacent channel interference.</li></ul>
132,Datacenter Unattended OS Provisioning & PXE Boot Server,Business Systems House,2025,Datacenter-Unattended-OS-Provisioning-PXE-Boot-Server.png,"Deployed WDS and PXE network boot infrastructure, automating unattended OS installations across physical server hardware and virtual machines.","Windows Deployment Services (WDS), PXE Boot, Sysprep, Unattended.xml, TFTP, DHCP Options","<h2>Datacenter Unattended OS Provisioning & PXE Boot Server</h2><p>Accelerated bare-metal server deployment by establishing automated PXE network boot installation pipelines.</p><h3>Key Features & Implementation</h3><ul><li><strong>PXE Boot Configuration:</strong> Configured DHCP Options 66/67 to route network-booted servers to WDS deployment gateways.</li><li><strong>Master Image Sysprep Standardization:</strong> Built golden master Windows and Linux system images containing core drivers and security agents.</li><li><strong>Unattended Installation Answers:</strong> Authored custom Unattend.xml answer files automating partition alignment, local admin accounts, and domain join.</li></ul>"
133,Multi-Tenant Web Proxy Certificate Decryption & SSL Inspection,Business Systems House,2025,Multi-Tenant-Web-Proxy-Certificate-Decryption-SSL-Inspection.png,"Engineered full SSL/TLS deep packet inspection on perimeter web proxies, deploying internal root CA certificates across endpoint trust stores.","FortiGate SSL Inspection, ADCS, Root CA, Group Policy (GPO), Certificate Trust Stores","<h2>Multi-Tenant Web Proxy Certificate Decryption & SSL Inspection</h2><p>Implemented full SSL deep packet inspection across perimeter firewalls to uncover encrypted malware payloads and hidden data exfiltration channels.</p><h3>Key Features & Implementation</h3><ul><li><strong>Subordinate CA Deployment:</strong> Generated dedicated firewall intermediate CA certificates for dynamic SSL re-signing.</li><li><strong>GPO Root Certificate Distribution:</strong> Automated pushing internal CA root certificates to client Windows, Mac, and browser trust stores via GPO.</li><li><strong>Bypass Category Exceptions:</strong> Configured explicit SSL inspection bypass rules for sensitive banking and healthcare web domains.</li></ul>"
134,Enterprise Security Information & Event Management (SIEM) Tuning,Business Systems House,2026,Enterprise-Security-Information-Event-Management-(SIEM)-Tuning.png,"Tuned SIEM correlation rules and log ingestion parsers, reducing false positive security alerts and creating custom threat detection rules.","SIEM, FortiAnalyzer, Syslog Parsing, Event Correlation Rules, Threat Triage, Logrotate",<h2>Enterprise Security Information & Event Management (SIEM) Tuning</h2><p>Optimized security event correlation rules within central SIEM logs to increase threat detection fidelity and reduce SOC alert fatigue.</p><h3>Key Features & Implementation</h3><ul><li><strong>Custom Event Correlation Rules:</strong> Authored correlation rules detecting multiple failed logons followed by immediate successful administrative privilege use.</li><li><strong>False Positive Suppression:</strong> Suppressed benign system noise and automated service account alerts through precise white-scoping.</li><li><strong>Log Ingestion Parsing:</strong> Developed custom regex log parsers for non-standard application logs to map fields to standard SIEM schemas.</li></ul>
135,Database Encryption At-Rest & Transparent Data Encryption (TDE),Business Systems House,2026,Database-Encryption-At-Rest-Transparent-Data-Encryption-(TDE).png,Implemented Transparent Data Encryption (TDE) across enterprise Oracle and SQL Server databases to encrypt database files at rest.,"Oracle TDE, SQL Server TDE, AES-256, Master Encryption Keys, Wallet Management",<h2>Database Encryption At-Rest & Transparent Data Encryption (TDE)</h2><p>Secured sensitive corporate database storage against physical drive theft and unauthorized raw file extraction by enforcing TDE.</p><h3>Key Features & Implementation</h3><ul><li><strong>Master Encryption Key Management:</strong> Provisioned hardware-bound and software auto-login wallets to manage database encryption keys securely.</li><li><strong>AES-256 Tablespace Encryption:</strong> Encrypted production database tablespaces and redo log files with zero impact on SQL query syntax.</li><li><strong>Encrypted Backup Integration:</strong> Ensured all RMAN and native database backups inherit strong AES-256 cryptographic protection.</li></ul>
136,Enterprise Privilege Identity Management (PIM) Approval Workflows,Business Systems House,2026,Enterprise-Privilege-Identity-Management-(PIM)-Approval-Workflows.png,"Deployed Entra ID Privileged Identity Management (PIM), enforcing just-in-time role activation, ticket justification, and multi-party approvals.","Microsoft Entra ID PIM, Just-In-Time (JIT) Access, Role-Based Access Control, Ticket Justification",<h2>Enterprise Privilege Identity Management (PIM) Approval Workflows</h2><p>Eliminated permanent standing administrative privileges across cloud tenancies by enforcing Just-In-Time role activation.</p><h3>Key Features & Implementation</h3><ul><li><strong>Just-In-Time Role Activation:</strong> Restricted Global Admin and Exchange Admin role activations to maximum 8-hour time-bound windows.</li><li><strong>Mandatory MFA & Ticket Reason:</strong> Required step-up MFA verification and valid IT service desk ticket numbers prior to role approval.</li><li><strong>Multi-Party Escalation Approval:</strong> Configured designated IT Manager approval requirements for sensitive domain-level role requests.</li></ul>
137,Datacenter Core Switch Stacking & Link Aggregation (LACP),Business Systems House,2025,Datacenter-Core-Switch-Stacking-Link-Aggregation-(LACP).png,Configured core switch stacking and Link Aggregation Control Protocol (LACP) trunking to double network uplink throughput and eliminate SPOFs.,"Switch Stacking, LACP (802.3ad), FortiSwitch, Spanning Tree Protocol (STP), Fiber Uplinks",<h2>Datacenter Core Switch Stacking & Link Aggregation (LACP)</h2><p>Architected a resilient network distribution core by stacking physical switches into unified high-speed logical switch backbones.</p><h3>Key Features & Implementation</h3><ul><li><strong>Hardware Backplane Stacking:</strong> Grouped core switches using dedicated high-speed stacking cables to share unified control planes.</li><li><strong>Multi-Chassis LACP Trunking:</strong> Configured cross-stack LACP link aggregation channels to distribute traffic across physical switch units.</li><li><strong>Rapid Spanning Tree (RSTP) Tuning:</strong> Hardened RSTP BPDU Guard and Root Guard settings to prevent rogue switch insertion loops.</li></ul>
138,Enterprise Web Application Session Security & Anti-CSRF Rules,Business Systems House,2026,Enterprise-Web-Application-Session-Security-Anti-CSRF-Rules.png,"Hardened web application session cookie parameters, enforcing SameSite, Secure, and HttpOnly flags along with anti-CSRF token validation.","HTTP Cookies, SameSite, HttpOnly, Anti-CSRF Tokens, IIS, WebLogic, Security Headers","<h2>Enterprise Web Application Session Security & Anti-CSRF Rules</h2><p>Hardened web application session handling to protect user accounts against cross-site request forgery (CSRF) and session hijacking.</p><h3>Key Features & Implementation</h3><ul><li><strong>Session Cookie Flag Hardening:</strong> Configured web application servers to append Secure, HttpOnly, and SameSite=Strict flags to all session cookies.</li><li><strong>Anti-CSRF Token Enforcement:</strong> Validated cryptographic anti-CSRF request tokens on all state-changing HTTP POST form submissions.</li><li><strong>Automated Session Invalidation:</strong> Configured strict idle session timeouts and client-side session destruction upon logout.</li></ul>"
139,Multi-Tenant Cloud Virtual Network (VCN) Peering Architecture,Business Systems House,2026,Multi-Tenant-Cloud-Virtual-Network-(VCN)-Peering-Architecture.png,Architected OCI Local Peering Gateways (LPG) and transit routing to securely interconnect isolated production and management VCNs.,"OCI VCN, Local Peering Gateway (LPG), Dynamic Routing Gateway (DRG), Route Tables, Security Lists",<h2>Multi-Tenant Cloud Virtual Network (VCN) Peering Architecture</h2><p>Designed secure internal cloud network routing between isolated cloud tenancies without exposing traffic to the public internet.</p><h3>Key Features & Implementation</h3><ul><li><strong>Local Peering Gateway Configuration:</strong> Established LPG peering connections linking management services VCNs with production app VCNs.</li><li><strong>Transit Routing & Security Lists:</strong> Configured precise route table rules and Network Security Groups restricting inter-VCN traffic to explicit ports.</li><li><strong>Private Endpoint Isolation:</strong> Routed internal cloud database access exclusively over private peering IP addresses.</li></ul>
140,Enterprise Endpoint Disk Encryption Enforcement & BitLocker GPO,Business Systems House,2025,Enterprise-Endpoint-Disk-Encryption-Enforcement-BitLocker-GPO.png,"Enforced mandatory BitLocker full-disk encryption across all corporate workstations via Group Policy, vaulting recovery keys in Active Directory.","BitLocker, Group Policy (GPO), Active Directory (AD DS), TPM 2.0, PowerShell Auditing",<h2>Enterprise Endpoint Disk Encryption Enforcement & BitLocker GPO</h2><p>Protected corporate mobile assets against physical data exposure by enforcing mandatory BitLocker encryption across all domain laptops.</p><h3>Key Features & Implementation</h3><ul><li><strong>TPM 2.0 Hardware Enforcement:</strong> Configured BitLocker GPOs requiring hardware-bound TPM 2.0 chip validation prior to OS boot.</li><li><strong>Automated Key Escrow:</strong> Enforced mandatory real-time BitLocker recovery key backup to Active Directory computer objects before encryption start.</li><li><strong>Compliance Audit Scripting:</strong> Built automated PowerShell reporting scripts flagging non-encrypted workstation endpoints across subnets.</li></ul>
141,Enterprise Mail Flow Rules & Executive Anti-Spoofing Filters,Business Systems House,2026,Enterprise-Mail-Flow-Rules-Executive-Anti-Spoofing-Filters.png,"Created custom Exchange transport rules to stop executive impersonation, external domain spoofing, and unauthorized automatic forwarding.","Exchange Online, Transport Rules, Anti-Spoofing, Defender for Office 365, PowerShell",<h2>Enterprise Mail Flow Rules & Executive Anti-Spoofing Filters</h2><p>Architected custom email transport rules in M365 to neutralize Business Email Compromise (BEC) and executive impersonation attacks.</p><h3>Key Features & Implementation</h3><ul><li><strong>Executive Name Impersonation Rules:</strong> Created transport rules rejecting external emails containing C-suite executive display names in sender headers.</li><li><strong>External Email Caution Banners:</strong> Prepended dynamic HTML caution banners to all external incoming emails warning users of external origin.</li><li><strong>Auto-Forwarding Block Policies:</strong> Blocked user-created SMTP auto-forwarding rules to prevent covert email data exfiltration.</li></ul>
142,Datacenter Cable Management & Fiber Optic Patching Standards,Business Systems House,2025,Datacenter-Cable-Management-Fiber-Optic-Patching-Standards.png,"Designed structured cabling standards, color-coded patch panel layouts, and fiber optic cable management standards for server rooms.","Structured Cabling, Fiber Optics (OM4/OS2), Patch Panels, Cable Trays, Labeling Systems","<h2>Datacenter Cable Management & Fiber Optic Patching Standards</h2><p>Overhauled server room physical cable topology to improve airflow, eliminate trace confusion, and streamline network port maintenance.</p><h3>Key Features & Implementation</h3><ul><li><strong>Color-Coded Subnet Patching:</strong> Standardized blue cabling for user networks, yellow for DMZ, red for firewall uplinks, and orange for OM4 fiber.</li><li><strong>Systematic Port Labeling:</strong> Applied ANSI/TIA-606-B compliant machine-printed labels to all switch ports, patch panels, and server interfaces.</li><li><strong>High-Density Fiber Enclosures:</strong> Installed OM4 LC fiber optic patch panels connecting server racks to core distribution switch stacks.</li></ul>"
143,Enterprise Local Administrator Password Randomization (LAPS v2),Business Systems House,2026,Enterprise-Local-Administrator-Password-Randomization-(LAPS-v2).png,"Upgraded Windows LAPS to Windows Server 2022 LAPS v2, enforcing encrypted password storage and automated post-use rotation.","Windows LAPS v2, Active Directory, Entra ID, GPO, PowerShell, Privilege Management",<h2>Enterprise Local Administrator Password Randomization (LAPS v2)</h2><p>Upgraded endpoint local administrator security by deploying modern Windows LAPS with encrypted Active Directory password attributes.</p><h3>Key Features & Implementation</h3><ul><li><strong>Encrypted AD Password Attributes:</strong> Configured LAPS v2 to encrypt local administrator passwords in AD using Kerberos domain keys.</li><li><strong>Automated Reset On Read:</strong> Enforced immediate automatic local administrator password rotation upon helpdesk checkout.</li><li><strong>Custom Local Admin Account Names:</strong> Standardized custom local administrator account naming while disabling default built-in SID 500 accounts.</li></ul>
144,Multi-Tenant Web Server Security Header Hardening Baseline,Business Systems House,2026,Multi-Tenant-Web-Server-Security-Header-Hardening-Baseline.png,"Hardened IIS and NGINX web servers, enforcing HSTS, Content Security Policy (CSP), X-Frame-Options, and X-Content-Type-Options headers.","IIS, NGINX, Apache, HTTP Security Headers, HSTS, CSP, SSL/TLS Hardening",<h2>Multi-Tenant Web Server Security Header Hardening Baseline</h2><p>Deployed standardized security response header baselines across enterprise web servers to eliminate browser-based vulnerability vectors.</p><h3>Key Features & Implementation</h3><ul><li><strong>Strict-Transport-Security (HSTS):</strong> Enforced HSTS headers forcing browser HTTPS connections with max-age=31536000 and preload flags.</li><li><strong>Content Security Policy (CSP):</strong> Authored strict CSP rules restricting script execution exclusively to trusted internal domain origins.</li><li><strong>Anti-Clickjacking Hardening:</strong> Appended X-Frame-Options: SAMEORIGIN and X-Content-Type-Options: nosniff to protect against clickjacking.</li></ul>
145,Database Backup Automation & Off-Site Vaulting Architecture,Business Systems House,2026,Database-Backup-Automation-Off-Site-Vaulting-Architecture.png,"Automated RMAN and SQL Server database backup pipelines, enforcing AES-256 encryption, compression, and off-site cloud vault replication.","Oracle RMAN, SQL Server Backups, OCI Object Storage, AES-256 Encryption, Cron / Task Scheduler","<h2>Database Backup Automation & Off-Site Vaulting Architecture</h2><p>Engineered automated, encrypted database backup retention pipelines ensuring 100% data recoverability during disaster recovery events.</p><h3>Key Features & Implementation</h3><ul><li><strong>Encrypted RMAN & Native Backups:</strong> Programmed daily full and hourly transaction log backups encrypted with AES-256 master keys.</li><li><strong>Off-Site Object Storage Sync:</strong> Automated daily replication of encrypted database backup sets to immutable OCI Object Storage vaults.</li><li><strong>Restoration Verification Testing:</strong> Executed weekly automated test restorations onto isolated staging database hosts to verify backup integrity.</li></ul>"
146,Enterprise Privilege User Activity Auditing & Session Logging,Business Systems House,2026,Enterprise-Privilege-User-Activity-Auditing-Session-Logging.png,Deployed privileged session recording and command logging across critical jump hosts and Linux servers to meet ISO 27001 audit standards.,"Session Recording, Linux Auditd, Windows Event Logging, SIEM, Privilege Auditing","<h2>Enterprise Privilege User Activity Auditing & Session Logging</h2><p>Implemented continuous privileged administrative user session auditing to ensure total accountability across server infrastructure.</p><h3>Key Features & Implementation</h3><ul><li><strong>Linux Command Auditd Logging:</strong> Configured Linux auditd rules logging all elevated sudo commands, file modifications, and user logins.</li><li><strong>RDP Session Video Recording:</strong> Enabled administrative session recording on Jump Hosts capturing video logs of all RDP management sessions.</li><li><strong>Tamper-Proof Audit Storage:</strong> Forwarded audit logs immediately to a write-once read-many (WORM) Syslog repository to prevent log tampering.</li></ul>"
147,Datacenter Rack Power Distribution & Load Balancing Setup,Business Systems House,2025,Datacenter-Rack-Power-Distribution-Load-Balancing-Setup.png,"Balanced electrical phase loads across rack-mounted smart PDUs, calculating server amperage draw and setting up SNMP power threshold alerts.","APC Smart PDUs, Electrical Load Balancing, SNMP Traps, PowerChute, Amperage Monitoring","<h2>Datacenter Rack Power Distribution & Load Balancing Setup</h2><p>Engineered rack electrical distribution topology to optimize power phase balancing and prevent circuit breaker tripping in high-density server racks.</p><h3>Key Features & Implementation</h3><ul><li><strong>Phase Amperage Load Balancing:</strong> Distributed dual-corded server power connections evenly across Phase L1, L2, and L3 PDU outlets.</li><li><strong>SNMP Power Threshold Alerting:</strong> Configured PDU SNMP traps alerting administrators if rack power draw exceeded 80% rated capacity.</li><li><strong>Individual Outlet Power Control:</strong> Configured remote IP-based outlet switching on smart PDUs for remote hard power-cycling of frozen servers.</li></ul>"
148,Enterprise Group Policy Object (GPO) Backup & Version Control,Business Systems House,2025,Enterprise-Group-Policy-Object-(GPO)-Backup-Version-Control.png,"Automated daily Group Policy Object (GPO) backup exports, version control diff tracking, and rollback procedures using PowerShell.","Group Policy (GPO), PowerShell, Active Directory, GPO Backup, Version Control","<h2>Enterprise Group Policy Object (GPO) Backup & Version Control</h2><p>Implemented automated backup and change-tracking pipelines for corporate Group Policy Objects to prevent accidental misconfiguration downtime.</p><h3>Key Features & Implementation</h3><ul><li><strong>Automated Daily GPO Backups:</strong> Built PowerShell scripts backing up all domain GPOs daily to encrypted off-site repositories.</li><li><strong>GPO Change Diff Auditing:</strong> Configured automated scripts parsing XML GPO reports to highlight policy modifications made within 24 hours.</li><li><strong>One-Click Policy Rollback:</strong> Established documented, tested restoration procedures to roll back corrupted or faulty GPOs instantly.</li></ul>"
149,Multi-Tenant Cloud Load Balancer SSL Termination & Health Probes,Business Systems House,2026,Multi-Tenant-Cloud-Load-Balancer-SSL-Termination-Health-Probes.png,"Configured OCI Flexible Load Balancers with SSL termination, high-strength cipher suites, and dynamic backend server health probes.","OCI Flexible Load Balancer, SSL Termination, TLS 1.3, Health Checks, Round-Robin","<h2>Multi-Tenant Cloud Load Balancer SSL Termination & Health Probes</h2><p>Deployed high-availability cloud load balancers to distribute web traffic and terminate client SSL/TLS connections at the cloud edge.</p><h3>Key Features & Implementation</h3><ul><li><strong>SSL Termination & Cipher Hardening:</strong> Bound custom domain SSL certificates to load balancer listeners, enforcing TLS 1.3 cryptographic suites.</li><li><strong>Custom HTTP Health Checks:</strong> Configured active health probes polling application status URLs to automatically bypass failing backend instances.</li><li><strong>Dynamic Bandwidth Scaling:</strong> Utilized OCI Flexible Load Balancer shapes dynamically scaling bandwidth allocations based on incoming traffic spikes.</li></ul>"
150,Enterprise IT Asset Management (ITAM) & Hardware Lifecycle,Business Systems House,2026,Enterprise-IT-Asset-Management-(ITAM)-Hardware-Lifecycle.png,"Deployed central IT Asset Management (ITAM) database tracking hardware serials, warranty expiration windows, and endpoint assignments.","ITAM, Asset Tracking, Barcode Scanning, Hardware Lifecycle, Warranty Tracking, Database","<h2>Enterprise IT Asset Management (ITAM) & Hardware Lifecycle</h2><p>Centralized IT hardware inventory tracking across all corporate assets from initial procurement through end-of-life disposal.</p><h3>Key Features & Implementation</h3><ul><li><strong>Hardware Serial & Barcode Indexing:</strong> Cataloged all server, switch, laptop, and display serial numbers into a searchable asset database.</li><li><strong>Warranty Expiration Alerting:</strong> Configured automated alerts notifying IT management 90 days prior to vendor hardware support warranty expiration.</li><li><strong>Asset Custody Tracking:</strong> Standardized digital sign-off procedures linking specific endpoint device serial numbers to assigned staff users.</li></ul>"
151,Enterprise Network Port Security & Dynamic ARP Inspection (DAI),Business Systems House,2025,Enterprise-Network-Port-Security-Dynamic-ARP-Inspection-(DAI).png,Configured Dynamic ARP Inspection (DAI) and DHCP Snooping across access switches to eliminate man-in-the-middle ARP poisoning attacks.,"Dynamic ARP Inspection (DAI), DHCP Snooping, Port Security, Managed Switches, 802.1Q","<h2>Enterprise Network Port Security & Dynamic ARP Inspection (DAI)</h2><p>Hardened Layer-2 network switch infrastructure against man-in-the-middle attacks and rogue network address spoofing.</p><h3>Key Features & Implementation</h3><ul><li><strong>DHCP Snooping Binding Database:</strong> Enabled DHCP Snooping to build a trusted IP-to-MAC address binding database across switch ports.</li><li><strong>Dynamic ARP Inspection (DAI):</strong> Configured DAI to validate ARP packets against the DHCP snooping table, dropping malicious spoofed ARP responses.</li><li><strong>Sticky MAC Port Security:</strong> Restricted access switch ports to maximum 2 learned MAC addresses to prevent rogue switch additions.</li></ul>"
152,Enterprise Mailbox Archiving & Legal Hold Governance,Business Systems House,2026,Enterprise-Mailbox-Archiving-Legal-Hold-Governance.png,"Configured M365 In-Place Hold, Litigation Hold, and Auto-Expanding Archiving to satisfy corporate legal retention requirements.","Exchange Online, Litigation Hold, eDiscovery, Auto-Expanding Archiving, Purview Compliance","<h2>Enterprise Mailbox Archiving & Legal Hold Governance</h2><p>Implemented immutable cloud mailbox retention policies to preserve corporate email communications for legal compliance and eDiscovery.</p><h3>Key Features & Implementation</h3><ul><li><strong>Litigation Hold Deployment:</strong> Applied Litigation Hold to executive mailboxes, ensuring deleted items are permanently preserved in hidden hold stores.</li><li><strong>Auto-Expanding Archive Mailboxes:</strong> Enabled M365 Auto-Expanding Archiving providing unlimited archive storage for heavy email users.</li><li><strong>Content Search & eDiscovery:</strong> Configured Purview eDiscovery manager roles allowing compliance officers to perform targeted keyword searches across held mailboxes.</li></ul>"
153,Virtual Machine Hypervisor Host Cluster Upgrade & Maintenance,Business Systems House,2025,Virtual-Machine-Hypervisor-Host-Cluster-Upgrade-Maintenance.png,Executed rolling host upgrades and patch updates across Hyper-V and Oracle Linux host clusters using Live Migration for zero VM downtime.,"Hyper-V Cluster, Live Migration, Host Maintenance, Oracle Linux UEK, Cluster-Aware Updating (CAU)","<h2>Virtual Machine Hypervisor Host Cluster Upgrade & Maintenance</h2><p>Maintained hypervisor cluster security and performance by performing rolling OS upgrades and firmware patches across physical host nodes.</p><h3>Key Features & Implementation</h3><ul><li><strong>Live Workload Migration:</strong> Migrated active virtual machines sequentially off target hosts using Live Migration without interrupting user connections.</li><li><strong>Cluster-Aware Updating (CAU):</strong> Orchestrated CAU automated patch windows ensuring at least N+1 host redundancy remained active throughout updates.</li><li><strong>Post-Maintenance Host Validation:</strong> Verified host CPU, RAM, and SAN storage multipathing stability before returning hosts to the active cluster.</li></ul>"
154,Enterprise Proxy Server Logging & Web Analytics Pipeline,Business Systems House,2026,Enterprise-Proxy-Server-Logging-Web-Analytics-Pipeline.png,"Engineered web proxy log extraction pipelines, aggregating web browsing analytics and bandwidth utilization reports for management.","FortiAnalyzer, Syslog, Web Analytics, Log Parsing, Python, Excel Dashboarding",<h2>Enterprise Proxy Server Logging & Web Analytics Pipeline</h2><p>Built automated web proxy log aggregation pipelines to provide management with actionable insights into corporate internet bandwidth usage.</p><h3>Key Features & Implementation</h3><ul><li><strong>Automated Log Extraction:</strong> Extracted daily web proxy access logs via automated Syslog forwarding streams.</li><li><strong>Bandwidth & Threat Analytics:</strong> Generated automated weekly reports highlighting top bandwidth-consuming domains and blocked web threats.</li><li><strong>Executive Summary Dashboards:</strong> Formulated graphical executive dashboards summarizing overall web traffic distribution and policy compliance.</li></ul>
155,Datacenter Rack Power Redundancy & Dual-PDU Topology,Business Systems House,2025,Datacenter-Rack-Power-Redundancy-Dual-PDU-Topology.png,"Architected dual-feed A/B power distribution topologies for server racks, verifying redundant power supply failover during utility outages.","APC Smart PDUs, Dual-Power Supplies, A/B Feed Architecture, Power Redundancy, Testing",<h2>Datacenter Rack Power Redundancy & Dual-PDU Topology</h2><p>Architected zero-SPOF server rack power topologies ensuring dual-corded servers remain powered during single UPS or utility circuit failures.</p><h3>Key Features & Implementation</h3><ul><li><strong>A/B Circuit Separation:</strong> Connected Server Power Supply 1 to PDU-A (UPS-1) and Server Power Supply 2 to PDU-B (UPS-2).</li><li><strong>Simulated Circuit Outage Testing:</strong> Conducted manual breaker cutover tests verifying seamless continuous server operation during single PDU power loss.</li><li><strong>Smart PDU Load Monitoring:</strong> Configured PDU SNMP monitoring ensuring total power draw on single feeds remained under 50% capacity to handle failover loads.</li></ul>
156,Enterprise Domain Name System (DNS) Delegation & Subdomain Architecture,Business Systems House,2026,Enterprise-Domain-Name-System-(DNS)-Delegation-Subdomain-Architecture.png,"Configured enterprise DNS zone delegation, creating isolated NS records and glue records for corporate subdomains and cloud endpoints.","DNS Zone Delegation, NS Records, Glue Records, BIND, Windows Server DNS, FQDN","<h2>Enterprise Domain Name System (DNS) Delegation & Subdomain Architecture</h2><p>Architected enterprise DNS subdomain delegation to allow isolated management of departmental and cloud application DNS records.</p><h3>Key Features & Implementation</h3><ul><li><strong>Subdomain NS Delegation:</strong> Delegated subdomains (e.g., app.domain.com) to dedicated cloud DNS name servers using explicit NS records.</li><li><strong>Glue Record Registration:</strong> Configured glue records at domain registrars to ensure seamless name resolution for delegated child name servers.</li><li><strong>Split-Brain Zone Alignment:</strong> Maintained internal DNS zone mirroring ensuring private IP resolution for internal network users.</li></ul>"
157,Enterprise Endpoint Software Inventory & Unapproved App Audit,Business Systems House,2025,Enterprise-Endpoint-Software-Inventory-Unapproved-App-Audit.png,"Executed workstation software inventory audits, identifying unapproved software installations and enforcing software removal policies.","Microsoft Intune, PowerShell, Software Inventory, Software Uninstall Automation, GPO",<h2>Enterprise Endpoint Software Inventory & Unapproved App Audit</h2><p>Audited software installations across workstation fleets to identify unauthorized applications and enforce corporate software baselines.</p><h3>Key Features & Implementation</h3><ul><li><strong>Automated Software Discovery:</strong> Executed central inventory scanning scripts parsing installed software registry keys across domain endpoints.</li><li><strong>Unapproved App Flagging:</strong> Cross-referenced installed application lists against approved corporate software catalogs to flag unauthorized apps.</li><li><strong>Silent Automated Removal:</strong> Built automated PowerShell removal scripts to silently uninstall unauthorized torrent clients and browser extensions.</li></ul>
158,Virtual Machine Template Provisioning & System Hardening Baseline,Business Systems House,2025,Virtual-Machine-Template-Provisioning-System-Hardening-Baseline.png,"Created hardened Windows and Linux golden VM templates with pre-installed security agents, CIS benchmarks, and automated sysprep scripts.","Hyper-V Templates, Sysprep, CIS Hardening, PowerShell, Oracle Linux, Windows Server 2022","<h2>Virtual Machine Template Provisioning & System Hardening Baseline</h2><p>Accelerated virtual server provisioning by maintaining pre-hardened golden VM templates across hypervisor environments.</p><h3>Key Features & Implementation</h3><ul><li><strong>CIS Benchmark OS Hardening:</strong> Applied CIS security benchmark configurations to OS templates before sealing master images.</li><li><strong>Pre-Installed Management Agents:</strong> Embedded antivirus, backup, and monitoring agents into master images for instant activation upon deployment.</li><li><strong>Sysprep & Unattended Deployment:</strong> Configured sysprepped golden templates enabling single-click VM cloning with automated hostname generation.</li></ul>"
159,Enterprise Privilege Account Password Vaulting & 1Password Governance,Business Systems House,2026,Enterprise-Privilege-Account-Password-Vaulting-1Password-Governance.png,"Architected 1Password Enterprise password manager deployment, structuring departmental vaults, M365 SSO, and automated vault provisioning.","1Password Enterprise, M365 SSO, OAuth 2.0, Duo 2FA, Active Directory, Vault Governance","<h2>Enterprise Privilege Account Password Vaulting & 1Password Governance</h2><p>Eliminated unencrypted password spreadsheets by deploying 1Password Enterprise across corporate teams with centralized SSO authentication.</p><h3>Key Features & Implementation</h3><ul><li><strong>Departmental Vault Architecture:</strong> Provisioned isolated team vaults (IT, Finance, HR) with fine-grained role-based read/write access.</li><li><strong>M365 Single Sign-On Integration:</strong> Configured 1Password unlocked state via M365 SSO, enforcing Duo 2FA during initial vault unlock.</li><li><strong>Automated Provisioning Scripts:</strong> Developed PowerShell automation scripts managing user onboarding, vault provisioning, and access revocations.</li></ul>"
160,Datacenter Environmental Sensor SNMP Trap Integration,Business Systems House,2025,Datacenter-Environmental-Sensor-SNMP-Trap-Integration.png,"Integrated rack-mounted environmental sensors into central NMS, configuring SNMP trap alerts for temperature, humidity, and water leaks.","SNMP Traps, Environmental Sensors, Log-NMS, Alerting, Temperature / Humidity Monitoring","<h2>Datacenter Environmental Sensor SNMP Trap Integration</h2><p>Protected server room physical hardware by deploying network-attached environmental probes with automated real-time alert triggers.</p><h3>Key Features & Implementation</h3><ul><li><strong>Multi-Sensor Probe Deployment:</strong> Installed ambient air temperature, relative humidity, and floor liquid detection probes inside server racks.</li><li><strong>SNMP Trap Configuration:</strong> Configured sensor hardware to send immediate SNMP trap alerts to Log-NMS upon reaching threshold warnings (>26°C).</li><li><strong>Automated Escalation Notifications:</strong> Built automated SMS and email escalation pipelines notifying on-call facilities engineers immediately.</li></ul>"
161,Multi-Tenant Cloud Dynamic DNS & Automated Certificate Renewal,Business Systems House,2026,Multi-Tenant-Cloud-Dynamic-DNS-Automated-Certificate-Renewal.png,"Configured automated Certbot/ACME DNS-01 challenge scripts for continuous, zero-touch renewal of wildcard SSL/TLS certificates.","Certbot, ACME DNS-01, Let's Encrypt, Cloudflare DNS API, Bash Scripting, NGINX",<h2>Multi-Tenant Cloud Dynamic DNS & Automated Certificate Renewal</h2><p>Automated cloud edge SSL/TLS certificate lifecycle management to ensure 100% encryption uptime with zero manual intervention.</p><h3>Key Features & Implementation</h3><ul><li><strong>ACME DNS-01 Challenge Automation:</strong> Scripted automated DNS TXT record creation via cloud DNS APIs to validate wildcard SSL certificates.</li><li><strong>Zero-Downtime Reload:</strong> Configured post-renewal hooks automatically reloading NGINX and WebLogic web servers upon certificate update.</li><li><strong>Expiration Monitoring Alerts:</strong> Integrated fallback webhook alerts monitoring certificate expiration dates across public FQDNs.</li></ul>
162,Enterprise Active Directory Kerberos Hardening & AES Enrolment,Business Systems House,2025,Enterprise-Active-Directory-Kerberos-Hardening-AES-Enrolment.png,"Hardened Active Directory Kerberos authentication, enforcing AES-128/256 encryption types and disabling legacy RC4 cipher suites.","Active Directory, Kerberos, AES-256, GPO, Security Hardening, Service Principal Names (SPN)",<h2>Enterprise Active Directory Kerberos Hardening & AES Enrolment</h2><p>Eliminated kerberoasting attack vectors across domain accounts by enforcing high-strength AES encryption for Kerberos service tickets.</p><h3>Key Features & Implementation</h3><ul><li><strong>RC4 Cipher Deprecation:</strong> Disabled weak Kerberos RC4-HMAC cipher suites across domain controllers and member servers via GPO.</li><li><strong>Service Account AES Binding:</strong> Configured explicit AES-128 and AES-256 ticket encryption settings on all Kerberos SPN service accounts.</li><li><strong>TGT Lifetime Optimization:</strong> Reduced Kerberos Ticket Granting Ticket (TGT) maximum lifetime to 8 hours to minimize ticket theft exposure.</li></ul>
163,Network Traffic Flow Analysis & NetFlow / IPFIX Aggregation,Business Systems House,2026,Network-Traffic-Flow-Analysis-NetFlow-IPFIX-Aggregation.png,"Deployed NetFlow/IPFIX flow collectors on FortiGate perimeter firewalls to analyze bandwidth usage, protocol distribution, and top talkers.","NetFlow, IPFIX, FortiGate, Traffic Analyzer, Bandwidth Monitoring, NMS","<h2>Network Traffic Flow Analysis & NetFlow / IPFIX Aggregation</h2><p>Gained deep Layer-3/4 traffic visibility across corporate WAN links by exporting NetFlow v9 telemetry to a centralized collector.</p><h3>Key Features & Implementation</h3><ul><li><strong>NetFlow v9 Export Configuration:</strong> Configured FortiGate interfaces to export flow records tracking source/destination IPs, ports, and byte counts.</li><li><strong>Top Talker Identification:</strong> Built automated dashboards flagging high-bandwidth consumers, non-standard port traffic, and peer-to-peer streams.</li><li><strong>Anomaly Detection:</strong> Set up baseline traffic alerts detecting unusual data egress spikes indicative of potential data exfiltration.</li></ul>"
164,Enterprise Endpoint USB Port Blocking & Whitelisting Policies,Business Systems House,2025,Enterprise-Endpoint-USB-Port-Blocking-Whitelisting-Policies.png,Designed Group Policy objects restricting USB mass storage access while whitelisting approved encrypted hardware drives via device GUID.,"Group Policy (GPO), USB Port Blocking, Endpoint Security, BitLocker To Go, Active Directory",<h2>Enterprise Endpoint USB Port Blocking & Whitelisting Policies</h2><p>Prevented physical USB data exfiltration and malware ingestion by enforcing strict removable media access restrictions across workstations.</p><h3>Key Features & Implementation</h3><ul><li><strong>Mass Storage Deny Policy:</strong> Applied domain GPOs denying read/write access to unauthorized USB mass storage device classes.</li><li><strong>Hardware GUID Whitelisting:</strong> Configured hardware device ID exceptions allowing IT-approved encrypted flash drives for specific user roles.</li><li><strong>Audit Incident Logging:</strong> Configured Windows Event Log forwarding to track and report unauthorized USB connection attempts.</li></ul>
165,Datacenter Virtual Machine Live Migration Network Optimization,Business Systems House,2025,Datacenter-Virtual-Machine-Live-Migration-Network-Optimization.png,"Provisioned dedicated non-routable 10GbE VLANs for hypervisor Live Migration traffic, tuning jumbo frames and multi-path network adapters.","Hyper-V Live Migration, 10GbE, Jumbo Frames (MTU 9000), VLAN Isolation, Bandwidth Allocation","<h2>Datacenter Virtual Machine Live Migration Network Optimization</h2><p>Accelerated zero-downtime virtual machine live migrations across hypervisor nodes by establishing dedicated high-speed network interfaces.</p><h3>Key Features & Implementation</h3><ul><li><strong>Isolated Live Migration VLAN:</strong> Placed hypervisor migration traffic onto an isolated, non-routable 10GbE network segment to prevent packet sniffing.</li><li><strong>Jumbo Frames (MTU 9000):</strong> Configured MTU 9000 end-to-end across host NICs and switch ports to maximize data transfer efficiency and reduce CPU load.</li><li><strong>SMB Multichannel Bandwidth:</strong> Enabled SMB Multichannel aggregation across dual 10GbE links, achieving sub-second VM RAM sync cutovers.</li></ul>"
166,Multi-Tenant Cloud IAM API Key Rotation & Credential Governance,Business Systems House,2026,Multi-Tenant-Cloud-IAM-API-Key-Rotation-Credential-Governance.png,"Built automated credential governance pipelines rotating cloud API keys, service principal secrets, and administrative tokens every 90 days.","OCI IAM, Entra ID, PowerShell, API Key Rotation, OAuth 2.0, Secret Manager","<h2>Multi-Tenant Cloud IAM API Key Rotation & Credential Governance</h2><p>Hardened programmatic cloud access by enforcing automated secret rotation schedules for all application integration service accounts.</p><h3>Key Features & Implementation</h3><ul><li><strong>Automated 90-Day Key Rotation:</strong> Programmed scripts to generate, distribute, and validate new API access keys while deprecating stale credentials.</li><li><strong>Service Principal Secret Vaulting:</strong> Vaulted Azure App Registration and OCI API secrets directly in encrypted Key Vault repositories.</li><li><strong>Orphaned Credential Auditing:</strong> Built daily compliance scanners flagging active API keys unused for over 30 consecutive days.</li></ul>"
167,Enterprise Print Server Security & Queue Isolation,Business Systems House,2025,Enterprise-Print-Server-Security-Queue-Isolation.png,"Hardened Windows Print Server infrastructure, disabling vulnerable Point and Print drivers, isolating spool files, and enforcing HTTPS print RPC.","Windows Server Print Services, RPC Encryption, Point and Print GPO, Driver Hardening, Spooler Security",<h2>Enterprise Print Server Security & Queue Isolation</h2><p>Remediated PrintNightmare and print spooler vulnerability vectors across corporate networks through aggressive print server hardening.</p><h3>Key Features & Implementation</h3><ul><li><strong>Point and Print Restriction GPOs:</strong> Configured GPOs restricting non-administrative users from installing non-approved printer drivers.</li><li><strong>RPC over HTTPS Encryption:</strong> Mandated encrypted RPC communication between client workstations and central print queues.</li><li><strong>Spooler Service Isolation:</strong> Disabled the Print Spooler service on domain controllers and non-print server member hosts.</li></ul>
168,Enterprise Mail Server Anti-Malware Attachment Sandboxing,Business Systems House,2026,Enterprise-Mail-Server-Anti-Malware-Attachment-Sandboxing.png,Configured real-time file attachment detonation and sandboxing within cloud email gateways to neutralize zero-day macro and executable malware.,"Defender for Office 365, Safe Attachments, Sandboxing, Dynamic Delivery, EOP","<h2>Enterprise Mail Server Anti-Malware Attachment Sandboxing</h2><p>Protected corporate mailboxes against advanced zero-day malware threats by executing real-time attachment sandboxing.</p><h3>Key Features & Implementation</h3><ul><li><strong>Dynamic Delivery Sandbox Pipeline:</strong> Enabled Dynamic Delivery delivering message text immediately while detaining attachments in virtual detonation chambers.</li><li><strong>Deep Behavioral Analysis:</strong> Scanned attachment macro executions, registry modifications, and outbound connection attempts in sandbox environments.</li><li><strong>Bypass Whitelisting Scoping:</strong> Restricted sandbox bypass exceptions exclusively to verified, cryptographically signed internal application reports.</li></ul>"
169,Datacenter Uninterruptible Power Supply (UPS) Battery Testing Automation,Business Systems House,2025,Datacenter-Uninterruptible-Power-Supply-(UPS)-Battery-Testing-Automation.png,"Programmed automated self-test and battery calibration schedules across APC datacenter UPS units, configuring SNMP trap health reporting.","APC Smart-UPS, PowerChute, SNMP Traps, Battery Calibration, Health Monitoring",<h2>Datacenter Uninterruptible Power Supply (UPS) Battery Testing Automation</h2><p>Automated periodic UPS battery health diagnostics to detect declining runtime capacities prior to real utility power failures.</p><h3>Key Features & Implementation</h3><ul><li><strong>Scheduled Monthly Battery Self-Tests:</strong> Configured automated off-peak self-test routines verifying battery cell internal resistance and voltage stability.</li><li><strong>Runtime Capacity Alerting:</strong> Set up SNMP alerts notifying engineers if estimated battery backup runtime dropped below 30 minutes at full load.</li><li><strong>Proactive Battery Replacement Schedules:</strong> Tracked battery install dates and internal impedance metrics to schedule replacement before end-of-life failure.</li></ul>
170,Enterprise Endpoint Software Firewalls & Connection Rule Baselines,Business Systems House,2025,Enterprise-Endpoint-Software-Firewalls-Connection-Rule-Baselines.png,"Deployed standardized Windows Defender Firewall connection rules via GPO, blocking inbound unrequested connections and restricting management ports.","Windows Defender Firewall, Group Policy (GPO), Connection Rules, Network Isolation, Endpoint Security","<h2>Enterprise Endpoint Software Firewalls & Connection Rule Baselines</h2><p>Standardized host-based software firewall rules across all domain workstations to prevent lateral network movement during malware incidents.</p><h3>Key Features & Implementation</h3><ul><li><strong>Inbound Default-Deny Baselines:</strong> Enforced default-deny inbound rules on all domain and private network firewall profiles.</li><li><strong>Management Port Restrictions:</strong> Restricted inbound WinRM, RDP, and SMB management ports exclusively to authorized Jump Host IP subnets.</li><li><strong>Outbound Application Whitelisting:</strong> Blocked unauthorized outbound connections from non-standard system directories to prevent reverse shell callbacks.</li></ul>"
171,Saudi ATM Automated Display Network Infrastructure,ABRTECH STUDIO,2023,Saudi-ATM-Automated-Display-Network-Infrastructure.png,Designed and deployed secure network connectivity and remote display automation across nationwide Saudi ATM terminal installations.,"ATM Display Automation, Secure IPsec VPN, Router Hardening, Remote Monitoring, QoS",<h2>Saudi ATM Automated Display Network Infrastructure</h2><p>Engineered dedicated display and interactive interface networking protocols across financial terminal locations for the Saudi ATM network rollout.</p><h3>Key Features & Implementation</h3><ul><li><strong>Encrypted Terminal Connectivity:</strong> Established isolated IPsec VPN tunnels connecting remote ATM display modules to central management nodes.</li><li><strong>High-Uptime Failover:</strong> Configured dual cellular and wired router failover pathways to ensure 99.99% interface uptime.</li><li><strong>Remote Content Management:</strong> Implemented automated background synchronization for scheduled video and GUI display updates.</li></ul>
172,Hawaii LED Cyber Security & Control Hardening,ABRTECH STUDIO,2023,Hawaii-LED-Cyber-Security-Control-Hardening.png,Hardened media server controllers and network perimeters powering Hawaii large-scale interactive LED screen installations.,"LED Display Processors, Media Servers, Firewall Hardening, Air-Gapped Network, Password Vaulting","<h2>Hawaii LED Cyber Security & Control Hardening</h2><p>Executed comprehensive cyber security hardening and network isolation for large-format commercial LED display controllers in Hawaii.</p><h3>Key Features & Implementation</h3><ul><li><strong>Display Controller Air-Gapping:</strong> Segmented LED video processing servers onto dedicated VLANs restricted from public internet access.</li><li><strong>Media Server System Hardening:</strong> Applied OS baselines, disabled unnecessary service ports, and enforced multi-factor authentication on administrative consoles.</li><li><strong>Encrypted Signal Routing:</strong> Deployed secure IP video transmission links to protect display content against unauthorized signal interception.</li></ul>"
173,Global Village Interactive Venue Networking & Connectivity,ABRTECH STUDIO,2024,Global-Village-Interactive-Venue-Networking-Connectivity.png,Designed high-density outdoor Wi-Fi and low-latency network infrastructure for interactive entertainment exhibits at Global Village Dubai.,"Ruckus Wireless, Outdoor Wi-Fi 6, Dynamic VLANs, Fiber Optic Backhaul, Bandwidth Management","<h2>Global Village Interactive Venue Networking & Connectivity</h2><p>Architected robust outdoor networking backbones to handle high-density visitor traffic and power live interactive exhibits at Global Village.</p><h3>Key Features & Implementation</h3><ul><li><strong>High-Density RF Tuning:</strong> Conducted outdoor spectrum planning and channel optimization across high-capacity wireless Access Points.</li><li><strong>Exhibit Dynamic VLAN Isolation:</strong> Segmented interactive exhibit displays, guest Wi-Fi, and POS payment terminals into isolated network subnets.</li><li><strong>Redundant Fiber Backbone:</strong> Laid ring-topology fiber optic backhaul lines ensuring zero downtime during high-concurrency event hours.</li></ul>"
174,GITEX Technology Week Interactive Exhibit Deployment,ABRTECH STUDIO,2023,GITEX-Technology-Week-Interactive-Exhibit-Deployment.png,"Managed turnkey IT, interactive display synchronization, and high-speed venue networking for major GITEX Technology Week stands.","AV Control Systems, Low-Latency Ethernet, Touchscreen Controllers, Media Servers, Gigabit Switches",<h2>GITEX Technology Week Interactive Exhibit Deployment</h2><p>Engineered high-performance display synchronization and dedicated network infrastructure for premium client stands at GITEX.</p><h3>Key Features & Implementation</h3><ul><li><strong>Multi-Display Synchronization:</strong> Configured frame-locked media playout servers driving seamless multi-screen video wall arrays.</li><li><strong>Rapid On-Site Deployment:</strong> Built modular network racks and pre-configured switch profiles allowing full exhibit staging within 24 hours.</li><li><strong>Live Monitoring & SLA Support:</strong> Provided continuous real-time system monitoring throughout the 5-day international technology exhibition.</li></ul>
175,Citizens Archive of Pakistan Geo-Mapping Interactive App Infrastructure,ABRTECH STUDIO,2024,Citizens-Archive-of-Pakistan-Geo-Mapping-Interactive-App-Infrastructure.png,Architected backend cloud database and interactive map hosting for The Citizens Archive of Pakistan geo-mapping digital application.,"Geo-JSON, Mapbox API, PostgreSQL/PostGIS, Cloud Hosting, REST APIs, WebSockets",<h2>Citizens Archive of Pakistan Geo-Mapping Interactive App Infrastructure</h2><p>Developed scalable spatial backend infrastructure powering interactive historical storytelling and digital mapping for archival exhibits.</p><h3>Key Features & Implementation</h3><ul><li><strong>Spatial Database Architecture:</strong> Configured PostgreSQL with PostGIS extensions to store and query spatial historical coordinate data efficiently.</li><li><strong>Interactive Map API Integration:</strong> Bound custom vector tile maps with real-time dynamic marker rendering and media popups.</li><li><strong>High-Concurrency Cloud Caching:</strong> Deployed cloud edge CDN caching to deliver smooth pan/zoom map rendering for exhibit touchscreen visitors.</li></ul>
176,Interactive Kiosk Content Management System (CMS) Network,ABRTECH STUDIO,2023,Interactive-Kiosk-Content-Management-System-(CMS)-Network.png,Architected central device management and offline-first content sync pipelines across distributed interactive kiosk terminals.,"Node.js, WebSockets, Local Storage Sync, SQLite, Docker, Encrypted HTTPS APIs",<h2>Interactive Kiosk Content Management System (CMS) Network</h2><p>Architected central device management and offline-first content sync pipelines across distributed interactive kiosk terminals.</p><h3>Key Features & Implementation</h3><ul><li><strong>Offline-First Content Caching:</strong> Built local database synchronization allowing kiosks to maintain full interactive functionality during network outages.</li><li><strong>Heartbeat Status Telemetry:</strong> Programmed real-time WebSocket ping monitoring alerting central operations of screen or hardware faults.</li><li><strong>Over-The-Air (OTA) Updating:</strong> Enabled secure remote application updates and media content pushes across all registered kiosk endpoints.</li></ul>
177,Multi-Touch Interactive Video Wall Processing Architecture,ABRTECH STUDIO,2024,Multi-Touch-Interactive-Video-Wall-Processing-Architecture.png,Designed ultra-low latency hardware video processing and multi-point touch frame integration for large-format interactive video walls.,"Datapath Video Controllers, LiDAR Touch Sensors, UDP Messaging, GPU Rendering, EDID Emulators",<h2>Multi-Touch Interactive Video Wall Processing Architecture</h2><p>Configured hardware processing pipelines capable of driving 16K resolution video walls with zero-latency multi-user touch feedback.</p><h3>Key Features & Implementation</h3><ul><li><strong>Hardware Video Wall Processing:</strong> Integrated Datapath display controllers to split high-resolution canvas outputs across multiple 4K panels.</li><li><strong>LiDAR Laser Touch Tracking:</strong> Calibrated perimeter laser sensors to convert multi-user physical gestures into precise desktop mouse inputs.</li><li><strong>EDID Management:</strong> Standardized display timing and handshake signals across video extenders to eliminate screen flickering.</li></ul>
178,Holographic Display Playout & Server Sync Network,ABRTECH STUDIO,2023,Holographic-Display-Playout-Server-Sync-Network.png,Architected microsecond-precision master/slave network synchronization across high-speed 3D holographic LED fan arrays.,"PTP (Precision Time Protocol), UDP Master/Slave, LED Hologram Fans, RS485 Serial Control",<h2>Holographic Display Playout & Server Sync Network</h2><p>Engineered hardware and network timing synchronization protocols driving multi-unit 3D holographic display arrays for retail activations.</p><h3>Key Features & Implementation</h3><ul><li><strong>Frame-Accurate Fan Sync:</strong> Implemented Precision Time Protocol (PTP) over local Ethernet to lock blade rotation speeds across 20+ holographic units.</li><li><strong>Central Playout Controller:</strong> Built a unified control console triggering synced 3D animation files across the entire holographic matrix.</li><li><strong>Custom Power Scheduling:</strong> Configured automated relay power boards protecting high-speed motors during scheduled venue shutdown hours.</li></ul>
179,Immersive 360-Degree Projection Mapping Server Array,ABRTECH STUDIO,2024,Immersive-360-Degree-Projection-Mapping-Server-Array.png,Configured multi-head GPU media servers and edge-blending optical alignment software for 360-degree immersive projection rooms.,"Resolume Arena, Datapath, NVIDIA Mosaic, Edge Blending, Auto-Calibration Cameras",<h2>Immersive 360-Degree Projection Mapping Server Array</h2><p>Architected media server infrastructure powering seamless 360-degree wall and floor projection mapping environments for experiential venues.</p><h3>Key Features & Implementation</h3><ul><li><strong>GPU Hardware Mosaic Expansion:</strong> Combined multiple workstation GPUs using NVIDIA Mosaic to present a unified high-resolution projection canvas.</li><li><strong>Camera-Based Auto-Calibration:</strong> Integrated alignment cameras automatically adjusting projector overlap warping and luminance edge-blending.</li><li><strong>DMX Lighting & Spatial Audio Integration:</strong> Synchronized visual media playout with ambient DMX lighting queues and multi-channel surround audio.</li></ul>
180,Retail Experiential Smart Mirror & RFID Product Scanner,ABRTECH STUDIO,2023,Retail-Experiential-Smart-Mirror-RFID-Product-Scanner.png,Built RFID hardware integration and interactive GUI software driving smart mirror fitting room installations for luxury retail brands.,"RFID Readers, Serial USB Gateway, Mirror Displays, Web Graphics, MQTT, Local Node Server","<h2>Retail Experiential Smart Mirror & RFID Product Scanner</h2><p>Engineered interactive smart mirror technologies triggering instant product information, sizing options, and styling recommendations upon garment detection.</p><h3>Key Features & Implementation</h3><ul><li><strong>Sub-Second RFID Tag Detection:</strong> Integrated near-field RFID reader antennas behind fitting room mirrors to trigger immediate content changes.</li><li><strong>Dynamic Fitting Room UI:</strong> Developed touch-responsive mirror display interfaces allowing customers to request different sizes directly from store staff.</li><li><strong>Store Inventory API Bridge:</strong> Connected smart mirror terminals to local store inventory databases for real-time stock availability verification.</li></ul>"
181,Interactive Gesture-Based Wall Control System,ABRTECH STUDIO,2024,Interactive-Gesture-Based-Wall-Control-System.png,Configured optical gesture sensors and real-time particle physics rendering engines for touchless interactive wall exhibits.,"Orbbec / Kinect Depth Cameras, TouchDesigner, C++, OpenFX, UDP OSC Signals",<h2>Interactive Gesture-Based Wall Control System</h2><p>Architected touchless interactive video installations utilizing infrared depth cameras to translate audience body movements into dynamic visual art.</p><h3>Key Features & Implementation</h3><ul><li><strong>Depth-Camera Body Tracking:</strong> Programmed optical depth sensors to track user skeletal joints and hand gestures in variable lighting conditions.</li><li><strong>Real-Time Particle Physics Engine:</strong> Rendered 60 FPS interactive GPU particle fields responding fluidly to visitor proximity and movement vectors.</li><li><strong>Multi-User Tracking Scoping:</strong> Filtered depth noise and prioritized tracking inputs for up to 6 simultaneous venue visitors.</li></ul>
182,Automated Event Registration & Badge Printing Kiosk Infrastructure,ABRTECH STUDIO,2023,Automated-Event-Registration-Badge-Printing-Kiosk-Infrastructure.png,Deployed high-speed self-service check-in kiosks enabling event attendees to scan mobile QR passes and print entry badges in under 3 seconds.,"Thermal Printers, QR Barcode Scanners, Local SQLite DB, REST API Sync, Web Kiosk Interface","<h2>Automated Event Registration & Badge Printing Kiosk Infrastructure</h2><p>Deployed high-speed self-service check-in kiosks enabling event attendees to scan mobile QR passes and print entry badges in under 3 seconds.</p><h3>Key Features & Implementation</h3><ul><li><strong>Sub-Second QR Pass Parsing:</strong> Integrated high-speed 2D barcode scanners for instant attendee lookup against local database mirrors.</li><li><strong>Thermal Badge Printer Drivers:</strong> Authored custom direct USB thermal printer drivers delivering instantaneous, smudge-free badge generation.</li><li><strong>Live Attendee Cloud Sync:</strong> Synchronized local check-in records to central event cloud servers every 5 seconds for real-time headcount tracking.</li></ul>"
183,Corporate Showroom Smart Automation & Crestron AV Matrix,ABRTECH STUDIO,2024,Corporate-Showroom-Smart-Automation-Crestron-AV-Matrix.png,Designed centralized AV-over-IP matrix distribution and environmental automation systems for executive corporate experience centers.,"Crestron Control, DM-NVX AV over IP, DMX Lighting, BACnet, Tablet Touch UI","<h2>Corporate Showroom Smart Automation & Crestron AV Matrix</h2><p>Designed centralized AV-over-IP matrix distribution and environmental automation systems for executive corporate experience centers.</p><h3>Key Features & Implementation</h3><ul><li><strong>DM-NVX AV-over-IP Routing:</strong> Distributed 4K video feeds over 10GbE network switches to any showroom display screen with sub-frame latency.</li><li><strong>One-Touch Scene Presets:</strong> Programmed tablet interfaces enabling staff to trigger coordinated lighting, audio, and video presentation modes.</li><li><strong>Building Management Integration:</strong> Tied AV control systems into facility BACnet protocols for automated environmental power scheduling.</li></ul>"
184,Directional Audio & Acoustic Parametric Speaker Installation,ABRTECH STUDIO,2023,Directional-Audio-Acoustic-Parametric-Speaker-Installation.png,Engineered highly targeted acoustic zones in crowded museum exhibits using narrow-beam ultrasonic parametric speakers.,"Ultrasonic Parametric Speakers, Audio DSP, Zone Isolation, Motion Sensors, Dante Audio","<h2>Directional Audio & Acoustic Parametric Speaker Installation</h2><p>Engineered highly targeted acoustic zones in crowded museum exhibits using narrow-beam ultrasonic parametric speakers.</p><h3>Key Features & Implementation</h3><ul><li><strong>Ultrasonic Sound Isolation:</strong> Focused localized audio beams strictly onto 1-meter floor target spots, eliminating cross-exhibit sound bleed.</li><li><strong>Motion-Triggered Playback:</strong> Integrated proximity floor sensors triggering exhibit narrative audio only when a visitor entered the beam zone.</li><li><strong>Dante Digital Audio Network:</strong> Routed multi-channel digital audio over IP networks to central DSP processing racks.</li></ul>"
185,Interactive Floor Projection & Pressure Sensor Grid Integration,ABRTECH STUDIO,2024,Interactive-Floor-Projection-Pressure-Sensor-Grid-Integration.png,Engineered rugged physical floor pressure grids driving real-time 3D interactive floor projections for entertainment centers.,"Pressure Sensor Matrix, Microcontrollers, RS485 Bus, Unity 3D Engine, High-Lumen Projectors",<h2>Interactive Floor Projection & Pressure Sensor Grid Integration</h2><p>Engineered rugged physical floor pressure grids driving real-time 3D interactive floor projections for entertainment centers.</p><h3>Key Features & Implementation</h3><ul><li><strong>Ruggedized Floor Tile Grid:</strong> Assembled modular floor tiles embedded with high-durability piezoelectric pressure sensors.</li><li><strong>RS485 Microcontroller Network:</strong> Aggregated hundreds of floor sensor inputs onto high-speed serial buses communicating directly with the game engine.</li><li><strong>Real-Time Visual Response:</strong> Rendered zero-latency liquid and particle effects beneath stepping visitors using overhead high-lumen laser projectors.</li></ul>
186,Augmented Reality (AR) Smart Display Stand Architecture,ABRTECH STUDIO,2023,Augmented-Reality-(AR)-Smart-Display-Stand-Architecture.png,Architected transparent display showcase boxes blending physical product displays with dynamic augmented reality digital animations.,"Transparent OLED, RealSense 3D Camera, AR Tracking, Unity, Serial Lighting Relays",<h2>Augmented Reality (AR) Smart Display Stand Architecture</h2><p>Architected transparent display showcase boxes blending physical product displays with dynamic augmented reality digital animations.</p><h3>Key Features & Implementation</h3><ul><li><strong>Transparent OLED Integration:</strong> Calibrated backlight illumination and transparent screen opacity to layer digital UI graphics over physical items.</li><li><strong>Interactive Physical Lighting:</strong> Synchronized internal LED spot-lighting relays with digital screen video events to highlight specific product components.</li><li><strong>User Touch Interactivity:</strong> Embedded capacitive touch overlays on display glass allowing visitors to rotate virtual 3D product cross-sections.</li></ul>
187,Experiential Venue Network Access Control & Bandwidth Shaping,ABRTECH STUDIO,2024,Experiential-Venue-Network-Access-Control-Bandwidth-Shaping.png,Architected dedicated venue routers ensuring high-bandwidth interactive video exhibits maintain uncompromised network priorities.,"FortiGate, RouterOS, QoS Traffic Shaping, Captive Portal, VLAN Isolation, SFP Uplinks",<h2>Experiential Venue Network Access Control & Bandwidth Shaping</h2><p>Architected dedicated venue routers ensuring high-bandwidth interactive video exhibits maintain uncompromised network priorities.</p><h3>Key Features & Implementation</h3><ul><li><strong>Quality of Service (QoS) Guarantees:</strong> Assigned top-tier DSCP network priority to live AV control streams and media server sync traffic.</li><li><strong>Dynamic Guest Rate Limiting:</strong> Enforced per-device download/upload limits on public guest Wi-Fi connections to prevent link saturation.</li><li><strong>Isolated Management Subnets:</strong> Air-gapped back-of-house show control systems away from guest and vendor network access points.</li></ul>
188,Dynamic DMX Kinetic Ceiling Sculpture Control System,ABRTECH STUDIO,2023,Dynamic-DMX-Kinetic-Ceiling-Sculpture-Control-System.png,Programmed Art-Net to DMX motor winch control servers to animate 3D kinetic ceiling light sphere arrays in sync with spatial music.,"Art-Net, DMX512, Kinetic Winches, MADRIX, MIDI Clock, Emergency E-Stop Circuit",<h2>Dynamic DMX Kinetic Ceiling Sculpture Control System</h2><p>Architected kinetic ceiling installations synchronizing motorized winch movement and internal LED color changes to create physical 3D wave forms.</p><h3>Key Features & Implementation</h3><ul><li><strong>High-Speed Art-Net Routing:</strong> Broadcasted multi-universe Art-Net lighting data over Ethernet switches to motor winch controllers.</li><li><strong>Frame-Locked Audio Sync:</strong> Locked kinetic ball height trajectories to soundtrack timestamps using precise MIDI clock pulses.</li><li><strong>Hardware Safety E-Stop Interlocks:</strong> Integrated physical emergency stop relays cutting motor power instantly upon fault detection.</li></ul>
189,Large-Scale Transparent LED Glass Wall Deployment,ABRTECH STUDIO,2024,Large-Scale-Transparent-LED-Glass-Wall-Deployment.png,Engineered architectural transparent LED glass installations displaying vibrant video content while preserving interior natural daylighting.,"Transparent LED Mesh, Novastar Sending Cards, Fiber Extenders, High-Output Power Supplies",<h2>Large-Scale Transparent LED Glass Wall Deployment</h2><p>Engineered architectural transparent LED glass installations displaying vibrant video content while preserving interior natural daylighting.</p><h3>Key Features & Implementation</h3><ul><li><strong>75% Transparency LED Mesh:</strong> Installed high-density transparent LED strip panels mounted directly behind building exterior glass.</li><li><strong>Novastar Fiber Video Signal Distribution:</strong> Routed uncompressed 4K video signals across optical fiber extenders to LED receiving cards.</li><li><strong>Ambient Light Sensor Auto-Dimming:</strong> Programmed optical sensors dynamically adjusting screen brightness from 6000 nits daylight to 500 nits nighttime.</li></ul>
190,Interactive Digital Graffiti Wall & Laser Spray Can Integration,ABRTECH STUDIO,2023,Interactive-Digital-Graffiti-Wall-Laser-Spray-Can-Integration.png,Developed IR spray can tracking hardware and digital paint canvas software for interactive digital graffiti event activations.,"IR Tracking Cameras, Modded IR Spray Cans, Custom Paint App, Thermal Printers, UDP","<h2>Interactive Digital Graffiti Wall & Laser Spray Can Integration</h2><p>Engineered digital spray paint experience booths using modified infrared spray cans and real-time digital canvas rendering software.</p><h3>Key Features & Implementation</h3><ul><li><strong>IR Spray Nozzle Tracking:</strong> Retrofitted real spray paint cans with infrared emitters and pressure-sensitive caps to simulate authentic paint flow.</li><li><strong>Digital Paint Physics Software:</strong> Built custom digital canvas software rendering realistic spray drips, stencils, and color blending effects.</li><li><strong>Instant Social Sharing & Print:</strong> Configured instant photo-printing and QR-code download workflows for attendee digital artwork.</li></ul>"
191,Immersive Multi-Channel Spatial Audio System Design,ABRTECH STUDIO,2024,Immersive-Multi-Channel-Spatial-Audio-System-Design.png,"Architected 16.2 multi-channel spatial audio environments, routing digital audio over Dante networks to multi-zone amplifier racks.","Dante Audio over IP, Q-SYS Core DSP, Ambisonics 3D, Multi-Channel Amplifiers, Dante Virtual Soundcard",<h2>Immersive Multi-Channel Spatial Audio System Design</h2><p>Designed spatial audio reproduction systems capable of moving virtual sound objects dynamically in 3D space around venue visitors.</p><h3>Key Features & Implementation</h3><ul><li><strong>Dante Networked Audio Infrastructure:</strong> Transmitted uncompressed 24-bit/96kHz digital audio channels over standard Ethernet switches to amplifiers.</li><li><strong>Q-SYS Spatial Audio Processing:</strong> Programmed central DSP processors executing real-time 3D sound panning and room acoustic equalization.</li><li><strong>Acoustic Isolation Calibration:</strong> Applied acoustic wall treatments and tuned speaker delay matrices to achieve precise spatial sound localization.</li></ul>
192,Interactive Tabletop Object-Recognition Screen Architecture,ABRTECH STUDIO,2023,Interactive-Tabletop-Object-Recognition-Screen-Architecture.png,Built tangible object-recognition touch tables using capacitive marker pucks to trigger interactive digital product menus.,"Capacitive Tangible Markers, Multi-Touch Screen, WebGL, Node.js, Local WebSockets",<h2>Interactive Tabletop Object-Recognition Screen Architecture</h2><p>Engineered interactive tabletop display systems identifying physical product markers placed on the glass to display instant contextual specs.</p><h3>Key Features & Implementation</h3><ul><li><strong>Tangible Marker ID Recognition:</strong> Configured multi-touch screen controllers to recognize unique 3-point capacitive pattern arrangements on puck bases.</li><li><strong>360-Degree Radial UI Rendering:</strong> Rendered fluid WebGL graphic menus opening in a 360-degree radial ring centered around placed objects.</li><li><strong>Multi-Object Concurrent Tracking:</strong> Supported simultaneous placement and interaction for up to 8 distinct physical product pucks.</li></ul>
193,Central Experiential Media Server Monitoring Dashboard,ABRTECH STUDIO,2024,Central-Experiential-Media-Server-Monitoring-Dashboard.png,"Built central web monitoring dashboards tracking hardware metrics, frame rates, and display health across active venue media servers.","Python, Grafana, Prometheus, SNMP, Syslog, Webhooks, Linux Systemd","<h2>Central Experiential Media Server Monitoring Dashboard</h2><p>Developed remote telemetry monitoring solutions giving engineering teams real-time visibility into the performance of remote exhibit media servers.</p><h3>Key Features & Implementation</h3><ul><li><strong>GPU & System Metric Collection:</strong> Deployed lightweight background agents recording GPU temperature, VRAM usage, and video frame drop rates.</li><li><strong>Grafana Telemetry Visualization:</strong> Built unified web dashboards displaying live operational status across all active exhibit installations.</li><li><strong>Automated Alert Escalation:</strong> Configured instant notification webhooks alerting technicians if server temperatures or memory limits cross safety thresholds.</li></ul>"
194,High-Lumen Laser Projector Network Control & Calibration,ABRTECH STUDIO,2023,High-Lumen-Laser-Projector-Network-Control-Calibration.png,Centralized network management and automated operational scheduling for multi-projector display arrays in exhibition centers.,"PJLink Protocol, Christie / Panasonic Projector Management, Crestron IP, RS232 Command Gateway","<h2>High-Lumen Laser Projector Network Control & Calibration</h2><p>Centralized network management and automated operational scheduling for multi-projector display arrays in exhibition centers.</p><h3>Key Features & Implementation</h3><ul><li><strong>PJLink Unified IP Control:</strong> Standardized network power, input switching, and shutter control commands using PJLink open protocol baselines.</li><li><strong>Automated Shutter & Power Timers:</strong> Programmed automated daily power cycles to preserve laser diode longevity and reduce venue energy usage.</li><li><strong>Thermal & Filter Health Monitoring:</strong> Polled real-time projector intake temperatures and fan speeds to schedule preventive filter cleanings.</li></ul>"
195,Virtual Production LED Stage Infrastructure & Camera Tracking,ABRTECH STUDIO,2024,Virtual-Production-LED-Stage-Infrastructure-Camera-Tracking.png,Architected low-latency media server clusters driving real-time 3D virtual environments onto LED stage walls synchronized with cinema camera tracking.,"Unreal Engine nDisplay, StarTracker / Mo-Sys, Brompton Tessera Processor, Genlock Sync","<h2>Virtual Production LED Stage Infrastructure & Camera Tracking</h2><p>Architected low-latency media server clusters driving real-time 3D virtual environments onto LED stage walls synchronized with cinema camera tracking.</p><h3>Key Features & Implementation</h3><ul><li><strong>nDisplay Multi-GPU Cluster Rendering:</strong> Synchronized multiple graphics rendering nodes driving high-resolution LED backdrop walls.</li><li><strong>Optical Camera Tracking Integration:</strong> Bound sub-millimeter camera tracking data to Unreal Engine virtual cameras for real-time background perspective rendering.</li><li><strong>Tri-Level Genlock Synchronization:</strong> Locked camera shutter frequencies, LED processing cards, and render node GPUs to eliminate rolling shutter tearing.</li></ul>"
196,Interactive Augmented Reality (AR) Photo Booth Kiosk,ABRTECH STUDIO,2023,Interactive-Augmented-Reality-(AR)-Photo-Booth-Kiosk.png,Deployed self-service photo booth kiosks enabling event attendees to pose with dynamic 3D branded props and instantly receive digital photos.,"OpenCV, DeepAR / SparkAR SDK, DSLR Camera Control, Thermal Dye-Sub Printers, AWS S3","<h2>Interactive Augmented Reality (AR) Photo Booth Kiosk</h2><p>Deployed self-service photo booth kiosks enabling event attendees to pose with dynamic 3D branded props and instantly receive digital photos.</p><h3>Key Features & Implementation</h3><ul><li><strong>Real-Time 3D Face & Body Tracking:</strong> Integrated high-speed computer vision SDKs tracking user facial landmarks for precise 3D prop positioning.</li><li><strong>DSLR Camera Automation:</strong> Programmed direct USB tethering controls capturing studio-quality high-resolution photographs automatically.</li><li><strong>Instant Cloud Upload & QR Delivery:</strong> Uploaded processed branded photo outputs to AWS S3, generating instant mobile QR scan download links.</li></ul>"
197,Dynamic Architectural LED Façade DMX Control Architecture,ABRTECH STUDIO,2024,Dynamic-Architectural-LED-Façade-DMX-Control-Architecture.png,Designed building-scale architectural pixel-mapping installations controlling exterior facade LED lighting fixtures for urban landmarks.,"MADRIX 5, Art-Net / sACN, SPI Pixel Controllers, Outdoor IP67 LEDs, Fiber Optic Transceivers",<h2>Dynamic Architectural LED Façade DMX Control Architecture</h2><p>Designed building-scale architectural pixel-mapping installations controlling exterior facade LED lighting fixtures for urban landmarks.</p><h3>Key Features & Implementation</h3><ul><li><strong>High-Universe sACN Distribution:</strong> Broadcasted 100+ universes of sACN lighting data over gigabit optical fiber networks to field SPI controllers.</li><li><strong>Procedural Pixel-Mapping Software:</strong> Configured MADRIX media servers generating real-time geometric visual patterns across irregular building surfaces.</li><li><strong>Astronomical Clock Scheduling:</strong> Programmed automatic lighting pattern triggers aligned with daily sunset and sunrise times.</li></ul>
198,Interactive transparent OLED Display Showcase Pedestal,ABRTECH STUDIO,2023,Interactive-transparent-OLED-Display-Showcase-Pedestal.png,Designed premium glass display showcases combining physical product visibility with interactive touchscreen information layers.,"Transparent OLED, Capacitive Touch Overlay, HTML5 / WebGL, Mini-PC, Controllable LED Spotlights",<h2>Interactive transparent OLED Display Showcase Pedestal</h2><p>Designed premium glass display showcases combining physical product visibility with interactive touchscreen information layers.</p><h3>Key Features & Implementation</h3><ul><li><strong>High-Transparency Screen Alignment:</strong> Positioned transparent OLED displays in front of custom-lit physical display chambers.</li><li><strong>Touch-Triggered Lighting Effects:</strong> Dimmed or highlighted internal chamber LED spotlights dynamically as users interacted with screen UI elements.</li><li><strong>Smooth HTML5/WebGL Graphics:</strong> Developed responsive web-based touch application user interfaces operating smoothly at 60 FPS.</li></ul>
199,Automated Multi-Channel Exhibition Audio Routing & DSP Matrix,ABRTECH STUDIO,2024,Automated-Multi-Channel-Exhibition-Audio-Routing-DSP-Matrix.png,"Architected venue-wide digital audio routing systems distributing background music, localized exhibit audio, and emergency announcements seamlessly.","Q-SYS Core, Dante, Multi-Zone Amplifiers, Ceiling Array Speakers, AEC (Acoustic Echo Cancellation)","<h2>Automated Multi-Channel Exhibition Audio Routing & DSP Matrix</h2><p>Architected venue-wide digital audio routing systems distributing background music, localized exhibit audio, and emergency announcements seamlessly.</p><h3>Key Features & Implementation</h3><ul><li><strong>Centralized Q-SYS Audio DSP:</strong> Programmed custom audio signal paths, volume ducking rules, and parametric equalizers across 32 independent output zones.</li><li><strong>Emergency Public Address Override:</strong> Integrated building safety contacts to mute all exhibition entertainment audio instantly during fire alarm triggers.</li><li><strong>Automated Ambient Noise Compensation:</strong> Deployed ambient sensing microphones automatically adjusting exhibit volume based on crowds' ambient noise levels.</li></ul>"
200,Interactive Motion-Tracking Shadow Wall Installation,ABRTECH STUDIO,2023,Interactive-Motion-Tracking-Shadow-Wall-Installation.png,Created interactive shadow projection exhibits where physical user shadows are captured by vision sensors and transformed into animated digital graphics.,"TouchDesigner, Optical Flow Tracking, High-Resolution Industrial Cameras, Projection Mapping",<h2>Interactive Motion-Tracking Shadow Wall Installation</h2><p>Created interactive shadow projection exhibits where physical user shadows are captured by vision sensors and transformed into animated digital graphics.</p><h3>Key Features & Implementation</h3><ul><li><strong>Optical Flow Silhouette Extraction:</strong> Processed real-time camera video feeds to isolate user body silhouettes cleanly from background lighting noise.</li><li><strong>Interactive Physics GPU Shaders:</strong> Applied custom GLSL GPU shaders generating colorful trailing liquid and particle effects originating from user shadows.</li><li><strong>High-Frame-Rate Projection:</strong> Rendered physics visual output at 120Hz to guarantee instantaneous physical shadow movement tracking.</li></ul>
201,Experiential Venue Power Sequence Automation & Relay Control,ABRTECH STUDIO,2024,Experiential-Venue-Power-Sequence-Automation-Relay-Control.png,Architected automated power distribution sequences ensuring hundreds of high-draw venue displays and media servers power on safely in staged phases.,"IP Power Switches, RS485 Relays, Modbus, Python Automation, Scheduled Cron Tasks",<h2>Experiential Venue Power Sequence Automation & Relay Control</h2><p>Architected automated power distribution sequences ensuring hundreds of high-draw venue displays and media servers power on safely in staged phases.</p><h3>Key Features & Implementation</h3><ul><li><strong>Sequential Staged Power-On:</strong> Programmed delayed relay switching sequences preventing massive electrical inrush current spikes during venue startup.</li><li><strong>Scheduled Automated Shutdowns:</strong> Executed graceful operating system shutdowns on media servers before cutting main relay power circuits at night.</li><li><strong>Remote Hard Reset Web Panel:</strong> Built password-protected web interface allowing technicians to power-cycle individual frozen exhibit screens remotely.</li></ul>
202,Multi-User Interactive Touch Table Database System,ABRTECH STUDIO,2023,Multi-User-Interactive-Touch-Table-Database-System.png,Architected touch table applications allowing multiple venue visitors to interact with floating digital media assets independently on a shared 4K surface.,"Multi-Touch SDK, C# / WPF, Local SQLite, High-Resolution 4K Canvas, GPU Acceleration","<h2>Multi-User Interactive Touch Table Database System</h2><p>Architected touch table applications allowing multiple venue visitors to interact with floating digital media assets independently on a shared 4K surface.</p><h3>Key Features & Implementation</h3><ul><li><strong>Independent User Gesture Processing:</strong> Isolated concurrent multi-finger gesture inputs enabling smooth simultaneous multi-user pan, rotate, and zoom interactions.</li><li><strong>Dynamic Media Drag & Drop:</strong> Programmed physics-based card movement allowing users to flick digital documents across the table canvas to other visitors.</li><li><strong>High-Throughput Local Asset Caching:</strong> Cached thousands of high-resolution historical photos and videos locally for instantaneous zero-lag loading.</li></ul>"
203,Immersive Virtual Reality (VR) Pod Experience Infrastructure,ABRTECH STUDIO,2024,Immersive-Virtual-Reality-(VR)-Pod-Experience-Infrastructure.png,Architected hardware and motion-seat synchronization infrastructure powering commercial virtual reality simulation pods.,"SteamVR, D-BOX Motion Controllers, UDP Motion Telemetry, High-Spec Workstations, Tether Management",<h2>Immersive Virtual Reality (VR) Pod Experience Infrastructure</h2><p>Architected hardware and motion-seat synchronization infrastructure powering commercial virtual reality simulation pods.</p><h3>Key Features & Implementation</h3><ul><li><strong>Motion Telemetry Sync:</strong> Extracted real-time vehicle telemetry vectors from VR applications to drive physical 3-DOF motion platform actuators.</li><li><strong>Overhead Spring Cable Retraction:</strong> Installed ceiling spring retractor systems removing cable tension and preventing VR headset wire tangling.</li><li><strong>External Spectator Displays:</strong> Mirrored VR headset eye buffers onto external 4K monitors allowing waiting venue queues to watch live gameplay.</li></ul>
204,Interactive Light Painting Photobooth Activation,ABRTECH STUDIO,2023,Interactive-Light-Painting-Photobooth-Activation.png,Architected long-exposure darkroom photobooth installations capturing vibrant light-wand trails drawn physically around posing event guests.,"DSLR Long-Exposure Control, Programmable LED Wands, Relay Triggers, Node.js Image Processing",<h2>Interactive Light Painting Photobooth Activation</h2><p>Architected long-exposure darkroom photobooth installations capturing vibrant light-wand trails drawn physically around posing event guests.</p><h3>Key Features & Implementation</h3><ul><li><strong>Automated Long-Exposure Capture:</strong> Programmed precision camera shutter relays holding DSLR sensors open for exact 5-second capture windows.</li><li><strong>Pixel-Mapped LED Light Wands:</strong> Programmed handheld LED wands displaying custom event branding logos when swept through the air.</li><li><strong>Automated Image Contrast Enhancement:</strong> Applied background image processing scripts optimizing light trail brightness before pushing to print queues.</li></ul>
205,Real-Time Experiential Venue Visitor Analytics Network,ABRTECH STUDIO,2024,Real-Time-Experiential-Venue-Visitor-Analytics-Network.png,"Engineered anonymized optical tracking networks measuring crowd density, popular movement pathways, and average dwell time per exhibit.","Overhead Optical Sensors, Computer Vision, Anonymized Heatmapping, MQTT, Grafana Dashboard","<h2>Real-Time Experiential Venue Visitor Analytics Network</h2><p>Engineered anonymized optical tracking networks measuring crowd density, popular movement pathways, and average dwell time per exhibit.</p><h3>Key Features & Implementation</h3><ul><li><strong>Anonymized Spatial Tracking:</strong> Processed overhead camera feeds converting human movements into anonymous x/y coordinate data points without storing video.</li><li><strong>Zone Dwell-Time Calculation:</strong> Aggregated visitor dwell-time metrics across specific exhibit zones to identify top performing interactive installations.</li><li><strong>Live Heatmap Visualization:</strong> Rendered real-time crowd heatmaps on operations management dashboards to optimize venue staff positioning.</li></ul>"
206,High-Density LED Tile Edge Calibration & Processing,ABRTECH STUDIO,2023,High-Density-LED-Tile-Edge-Calibration-Processing.png,Executed fine-pitch indoor LED display tile calibration to ensure seamless multi-panel visual continuity and accurate color space reproduction.,"Novastar LCT Mars, Optical Seam Calibration Cameras, Chroma / Luminance Tuning, Receiving Cards",<h2>High-Density LED Tile Edge Calibration & Processing</h2><p>Executed fine-pitch indoor LED display tile calibration to ensure seamless multi-panel visual continuity and accurate color space reproduction.</p><h3>Key Features & Implementation</h3><ul><li><strong>Pixel-Level Chroma Calibration:</strong> Utilized specialized optical calibration cameras measuring and adjusting individual LED diode brightness and color tint.</li><li><strong>Hardware Edge Seam Removal:</strong> Adjusted brightness coefficient values along LED panel boundaries to eliminate dark vertical and horizontal seam lines.</li><li><strong>HDR10 Color Mapping:</strong> Programmed LED video processors to support 10-bit HDR content rendering with expanded contrast ratios.</li></ul>
207,Interactive Water Screen Projection & Nozzle Control System,ABRTECH STUDIO,2024,Interactive-Water-Screen-Projection-Nozzle-Control-System.png,Architected outdoor water screen projection systems creating semi-transparent mist curtains illuminated by high-lumen laser projectors.,"High-Pressure Water Pumps, Solenoid Nozzle Valves, High-Lumen Projectors, DMX Water Sync","<h2>Interactive Water Screen Projection & Nozzle Control System</h2><p>Architected outdoor water screen projection systems creating semi-transparent mist curtains illuminated by high-lumen laser projectors.</p><h3>Key Features & Implementation</h3><ul><li><strong>High-Pressure Mist Generation:</strong> Controlled high-volume water pump manifolds creating dense, uniform water curtains resilient against wind gusts.</li><li><strong>Rear Projection Laser Alignment:</strong> Positioned 30,000-lumen laser projectors behind mist screens to maximize visual contrast and saturation.</li><li><strong>Solenoid Water Gate Control:</strong> Programmed DMX solenoid valves triggering instant water screen activation only during scheduled show times.</li></ul>"
208,Central Venue Master AV Control & Scheduler Server,ABRTECH STUDIO,2023,Central-Venue-Master-AV-Control-Scheduler-Server.png,"Engineered automated master venue control servers managing power states, content updates, and operational schedules across all exhibit zones.","Python, Linux Systemd, Telnet / SSH Automation, Node-RED, Webhooks, Cron Schedules","<h2>Central Venue Master AV Control & Scheduler Server</h2><p>Engineered automated master venue control servers managing power states, content updates, and operational schedules across all exhibit zones.</p><h3>Key Features & Implementation</h3><ul><li><strong>Unified IP Command Dispatcher:</strong> Built automated script engines transmitting TCP/UDP control strings to displays, projectors, and audio processors.</li><li><strong>Astronomical Clock Power Timers:</strong> Synchronized daily venue operational schedules automatically with local sunrise and sunset timings.</li><li><strong>Fail-Safe Heartbeat Monitoring:</strong> Continuously pinged field hardware, executing automated command retries if nodes failed to respond.</li></ul>"
209,Interactive Physical Button Wall & LED Ring Integration,ABRTECH STUDIO,2024,Interactive-Physical-Button-Wall-LED-Ring-Integration.png,Architected physical reaction-game installations featuring wall-mounted heavy-duty illuminated buttons connected to custom microcontroller boards.,"Arduino / Teensy Microcontrollers, WS2812B Addressable LEDs, Arcade Switches, USB HID",<h2>Interactive Physical Button Wall & LED Ring Integration</h2><p>Architected physical reaction-game installations featuring wall-mounted heavy-duty illuminated buttons connected to custom microcontroller boards.</p><h3>Key Features & Implementation</h3><ul><li><strong>High-Speed Button Input Polling:</strong> Programmed microcontrollers polling physical button inputs at 1000Hz for instantaneous reaction time scoring.</li><li><strong>Addressable LED Ring Animations:</strong> Driven WS2812B LED rings surrounding each button to render dynamic countdown and target lighting patterns.</li><li><strong>Industrial-Grade Switch Debouncing:</strong> Implemented hardware and software debounce filters ensuring reliable long-term button press detection.</li></ul>
210,Interactive Augmented Reality (AR) Sandbox Topography Map,ABRTECH STUDIO,2023,Interactive-Augmented-Reality-(AR)-Sandbox-Topography-Map.png,Architected educational AR sandbox installations reading sand elevation changes in real-time to project dynamic contour lines and simulated water flows.,"Kinect Depth Sensor, SARndbox / Unity, High-Lumen Projector, Real-Time Physics Shader","<h2>Interactive Augmented Reality (AR) Sandbox Topography Map</h2><p>Architected educational AR sandbox installations reading sand elevation changes in real-time to project dynamic contour lines and simulated water flows.</p><h3>Key Features & Implementation</h3><ul><li><strong>Real-Time Depth Mesh Scanning:</strong> Calibrated overhead 3D cameras scanning physical sand height changes 30 times per second.</li><li><strong>Dynamic Topographic Color Shaders:</strong> Rendered instant color-coded elevation bands (blue water, green valleys, red peaks) matching sand contours.</li><li><strong>Simulated Water Physics:</strong> Executed fluid dynamics simulations allowing virtual rain to flow naturally down hand-carved sand valleys.</li></ul>"
211,Multi-Display Ultra-High-Definition Synchronized Playout System,ABRTECH STUDIO,2024,Multi-Display-Ultra-High-Definition-Synchronized-Playout-System.png,Designed frame-accurate synchronized media player networks delivering seamless high-resolution panorama videos across adjacent display walls.,"Sync Cards, Frame Lock, BrightSign / MP4 Sync, UDP Multicast, H.265 Decoding",<h2>Multi-Display Ultra-High-Definition Synchronized Playout System</h2><p>Designed frame-accurate synchronized media player networks delivering seamless high-resolution panorama videos across adjacent display walls.</p><h3>Key Features & Implementation</h3><ul><li><strong>UDP Multicast Frame Synchronization:</strong> Broadcasted microsecond sync pulses over dedicated network switches locking frame playback across 10+ media players.</li><li><strong>Hardware H.265 Decoding:</strong> Optimized video encoding parameters utilizing hardware decoding chips for zero-stutter playback of 60 FPS video feeds.</li><li><strong>Automated Failover Playout:</strong> Configured secondary backup media players running in parallel to seamlessly switch feeds if primary players fail.</li></ul>
212,Interactive Sound-Reactive LED Sculpture Control System,ABRTECH STUDIO,2023,Interactive-Sound-Reactive-LED-Sculpture-Control-System.png,Architected real-time audio-reactive lighting installations mapping surrounding musical frequencies directly to 3D LED pixel arrays.,"FFT Audio Spectrum Analysis, Art-Net, Addressable LED Pixels, Processing / Java, DMX","<h2>Interactive Sound-Reactive LED Sculpture Control System</h2><p>Architected real-time audio-reactive lighting installations mapping surrounding musical frequencies directly to 3D LED pixel arrays.</p><h3>Key Features & Implementation</h3><ul><li><strong>Real-Time FFT Spectrum Decomposition:</strong> Processed incoming audio signals separating bass, midrange, and treble frequencies into distinct lighting triggers.</li><li><strong>Spatial 3D Pixel Mapping:</strong> Mapped thousands of addressable LED nodes in 3D coordinate space to pulse light outward from the sculpture center.</li><li><strong>Dynamic Color Palette Generation:</strong> Programmed automated color transitions shifting color schemes based on music tempo and energy.</li></ul>"
213,Experiential Exhibition Kiosk Remote Maintenance Tunnel,ABRTECH STUDIO,2024,Experiential-Exhibition-Kiosk-Remote-Maintenance-Tunnel.png,Architected secure remote administrative access infrastructure enabling engineering teams to maintain field-deployed kiosks behind strict NAT firewalls.,"WireGuard VPN, SSH Reverse Tunnels, Systemd Watchdogs, Remote Desktop, Ansible Automation",<h2>Experiential Exhibition Kiosk Remote Maintenance Tunnel</h2><p>Architected secure remote administrative access infrastructure enabling engineering teams to maintain field-deployed kiosks behind strict NAT firewalls.</p><h3>Key Features & Implementation</h3><ul><li><strong>WireGuard Encrypted VPN Mesh:</strong> Connected distributed exhibit terminals to a central secure management gateway over lightweight encrypted tunnels.</li><li><strong>Systemd Auto-Restart Watchdogs:</strong> Configured system watchdogs automatically rebooting kiosk software if memory leaks or freezes occur.</li><li><strong>Ansible Automated Deployment:</strong> Executed single-command remote software updates and config pushes across hundreds of field kiosk endpoints.</li></ul>
214,Interactive E-Poster Digital Exhibition Display System,ABRTECH STUDIO,2023,Interactive-E-Poster-Digital-Exhibition-Display-System.png,Engineered interactive digital poster terminals replacing traditional paper poster boards at international medical and scientific conventions.,"PDF.js, Electron, 4K Touch Displays, Cloud Storage Sync, Analytics Tracking",<h2>Interactive E-Poster Digital Exhibition Display System</h2><p>Engineered interactive digital poster terminals replacing traditional paper poster boards at international medical and scientific conventions.</p><h3>Key Features & Implementation</h3><ul><li><strong>High-Resolution PDF Rendering:</strong> Integrated GPU-accelerated PDF viewers allowing smooth pinch-to-zoom exploration of high-density research charts.</li><li><strong>Keyword & Author Search Engine:</strong> Built fast search interfaces allowing conference attendees to filter hundreds of e-posters by subject or presenter name.</li><li><strong>Interactive Author Contact Messaging:</strong> Enabled attendees to send direct message inquiries or request paper downloads straight from kiosk screens.</li></ul>
215,Interactive Kinetic Light Curtain & Motion Mirror,ABRTECH STUDIO,2024,Interactive-Kinetic-Light-Curtain-Motion-Mirror.png,Architected 3D spatial light curtains made of hanging LED pixel strands displaying low-resolution video reflections of venue crowds.,"Art-Net, Vertical LED Strings, Depth Camera Video Feed, Real-Time Video Downscaling",<h2>Interactive Kinetic Light Curtain & Motion Mirror</h2><p>Architected 3D spatial light curtains made of hanging LED pixel strands displaying low-resolution video reflections of venue crowds.</p><h3>Key Features & Implementation</h3><ul><li><strong>Real-Time Depth Video Downscaling:</strong> Downscaled live depth camera video feeds to match the exact low-resolution pixel grid of hanging LED strands.</li><li><strong>Spatial Light Mapping:</strong> Mapped 3D string coordinates ensuring visual reflections maintain correct volumetric depth proportions as visitors move past.</li><li><strong>High-Refresh-Rate Art-Net Streaming:</strong> Streamed 60 FPS sACN lighting frames to custom field controllers for fluid motion responsiveness.</li></ul>
216,Multi-Touch Interactive Wall Digital Whiteboard & Annotation Software,ABRTECH STUDIO,2023,Multi-Touch-Interactive-Wall-Digital-Whiteboard-Annotation-Software.png,Architected interactive digital whiteboard applications supporting low-latency multi-user vector ink drawing and instant session PDF exports.,"HTML5 Canvas, Vector Ink Engine, Multi-Touch API, PDF Exporter, WebSocket Collaboration",<h2>Multi-Touch Interactive Wall Digital Whiteboard & Annotation Software</h2><p>Architected interactive digital whiteboard applications supporting low-latency multi-user vector ink drawing and instant session PDF exports.</p><h3>Key Features & Implementation</h3><ul><li><strong>Sub-10ms Vector Ink Smoothing:</strong> Built custom smooth ink rendering algorithms predicting user finger trajectories to eliminate stroke latency.</li><li><strong>Multi-User Simultaneous Writing:</strong> Supported concurrent multi-touch pen inputs allowing multiple presenters to annotate screen content simultaneously.</li><li><strong>Instant Session PDF & Email Export:</strong> Programmed one-touch export tools compiling whiteboard drawings into high-res PDFs sent directly to meeting attendees.</li></ul>
217,Interactive Transparent OLED Touch Cabinet Infrastructure,ABRTECH STUDIO,2024,Interactive-Transparent-OLED-Touch-Cabinet-Infrastructure.png,Architected physical showcase cabinets featuring front-facing transparent OLED touch displays that overlay digital blueprints over internal hardware.,"Transparent OLED, Projected Capacitive Touch, HTML5 / CSS3, Node.js Local Bridge, Micro-PC",<h2>Interactive Transparent OLED Touch Cabinet Infrastructure</h2><p>Architected physical showcase cabinets featuring front-facing transparent OLED touch displays that overlay digital blueprints over internal hardware.</p><h3>Key Features & Implementation</h3><ul><li><strong>Precise Graphical Overlay Alignment:</strong> Aligned digital UI blueprints to match the exact millimeter position of physical internal components.</li><li><strong>Touch-Triggered Internal Spotlighting:</strong> Programmed localized LED interior spotlights to illuminate specific physical modules upon user touch.</li><li><strong>Low-Power Idle Timeout Modes:</strong> Configured automatic screen dimming and lighting power savings when no venue visitors are present.</li></ul>
218,Interactive Architectural Floor Projection & Footstep Sensing,ABRTECH STUDIO,2023,Interactive-Architectural-Floor-Projection-Footstep-Sensing.png,Architected architectural floor projection corridors generating real-time interactive light pools beneath the feet of walking guests.,"Infrared Overhead Cameras, OpenCV Tracking, High-Lumen Laser Projectors, Unity 3D Shaders",<h2>Interactive Architectural Floor Projection & Footstep Sensing</h2><p>Architected architectural floor projection corridors generating real-time interactive light pools beneath the feet of walking guests.</p><h3>Key Features & Implementation</h3><ul><li><strong>Overhead Infrared Motion Tracking:</strong> Processed continuous overhead IR camera feeds isolating individual visitor footstep contact points.</li><li><strong>Low-Latency Dynamic Ripple Shaders:</strong> Rendered 60 FPS visual ripple and particle effects directly beneath tracked footstep coordinates.</li><li><strong>Automatic Ambient Light Compensation:</strong> Adjusted camera contrast thresholds automatically to maintain tracking accuracy under changing venue lighting.</li></ul>
219,Centralized Venue Audio-Visual Device Telemetry Engine,ABRTECH STUDIO,2024,Centralized-Venue-Audio-Visual-Device-Telemetry-Engine.png,"Engineered automated background monitoring services tracking hardware health, lamp hours, and network status for all venue AV equipment.","Python, SNMP, InfluxDB, Grafana, Telegram Bot API, Linux Service","<h2>Centralized Venue Audio-Visual Device Telemetry Engine</h2><p>Engineered automated background monitoring services tracking hardware health, lamp hours, and network status for all venue AV equipment.</p><h3>Key Features & Implementation</h3><ul><li><strong>Continuous Multi-Protocol Polling:</strong> Polled field hardware every 30 seconds via SNMP, PJLink, and ICMP ping probes to record device availability.</li><li><strong>Timeseries Metric Storage:</strong> Stored operational metrics in InfluxDB to analyze temperature trends, lamp hour usage, and network link drops over time.</li><li><strong>Instant Mobile Push Escalations:</strong> Configured automated Telegram and Email alerts notifying technicians immediately if key displays go offline.</li></ul>"
220,Interactive Smart Mirror Virtual Try-On Kiosk,ABRTECH STUDIO,2023,Interactive-Smart-Mirror-Virtual-Try-On-Kiosk.png,Architected interactive retail smart mirrors tracking customer facial features to render real-time 3D virtual try-ons of eyewear and accessories.,"OpenCV, 3D Pose Estimation, WebGL, Mirror Display, High-Resolution Webcam",<h2>Interactive Smart Mirror Virtual Try-On Kiosk</h2><p>Architected interactive retail smart mirrors tracking customer facial features to render real-time 3D virtual try-ons of eyewear and accessories.</p><h3>Key Features & Implementation</h3><ul><li><strong>Real-Time 3D Pose Estimation:</strong> Tracked customer head orientation and facial features to position virtual 3D eyewear models accurately.</li><li><strong>Dynamic Lighting Match Shaders:</strong> Adjusted virtual accessory lighting and reflection maps dynamically to match the physical store ambient light.</li><li><strong>Instant Social Sharing & Purchase Links:</strong> Generated instant mobile QR codes allowing customers to share virtual try-on photos and buy items online.</li></ul>
221,High-Density Experiential Event Wi-Fi Captive Portal,ABRTECH STUDIO,2024,High-Density-Experiential-Event-Wi-Fi-Captive-Portal.png,Architected venue guest Wi-Fi onboarding systems managing high-concurrency mobile connections and custom branded landing pages.,"FreeRADIUS, Cisco / Ruckus Wireless, HTML5, PostgreSQL, REST API Analytics","<h2>High-Density Experiential Event Wi-Fi Captive Portal</h2><p>Architected venue guest Wi-Fi onboarding systems managing high-concurrency mobile connections and custom branded landing pages.</p><h3>Key Features & Implementation</h3><ul><li><strong>High-Concurrency Radius Authentication:</strong> Managed 5,000+ simultaneous guest Wi-Fi authorization requests during peak exhibition hours.</li><li><strong>Opt-In Attendee Data Capture:</strong> Built secure registration forms capturing opted-in user demographics before granting high-speed internet access.</li><li><strong>Dynamic Bandwidth Allocation:</strong> Enforced automated rate-limiting policies guaranteeing fair bandwidth distribution across all connected guest devices.</li></ul>"
222,Interactive Holographic Pyramid Showcase Box Infrastructure,ABRTECH STUDIO,2023,Interactive-Holographic-Pyramid-Showcase-Box-Infrastructure.png,Architected 4-sided Pepper's Ghost holographic showcase boxes creating the visual illusion of 3D animated content floating inside glass chambers.,"Pepper's Ghost Optical Glass, 4K Playout Display, Maya 3D Playout, Synchronized Audio",<h2>Interactive Holographic Pyramid Showcase Box Infrastructure</h2><p>Architected 4-sided Pepper's Ghost holographic showcase boxes creating the visual illusion of 3D animated content floating inside glass chambers.</p><h3>Key Features & Implementation</h3><ul><li><strong>4-Channel Synchronized Video Playout:</strong> Mapped 4 distinct perspective render angles onto a single 4K top display projecting down onto angled glass.</li><li><strong>Precision Optical Glass Calibration:</strong> Anti-reflective optical glass panels engineered to maximize internal reflections while maintaining transparency.</li><li><strong>Integrated Direct Audio Playback:</strong> Synchronized directional stereo sound effects playing in perfect alignment with 3D holographic animation triggers.</li></ul>
223,Experiential Venue Interactive LED Tunnel Infrastructure,ABRTECH STUDIO,2024,Experiential-Venue-Interactive-LED-Tunnel-Infrastructure.png,"Architected fully enclosed arched walkthrough LED display tunnels displaying immersive, seamless visual environments for experiential venue entryways.","Flexible Curved LED Modules, Novastar Processors, Datapath, Fiber Signal Distribution, Sync Servers","<h2>Experiential Venue Interactive LED Tunnel Infrastructure</h2><p>Architected fully enclosed arched walkthrough LED display tunnels displaying immersive, seamless visual environments for experiential venue entryways.</p><h3>Key Features & Implementation</h3><ul><li><strong>Flexible Modular LED Integration:</strong> Fitted custom flexible LED modules around curved structural architectural archways with zero panel gap distortion.</li><li><strong>High-Resolution Canvas Distribution:</strong> Split ultra-wide panoramic video feeds across multiple video processors using optical fiber extenders.</li><li><strong>Interactive Proximity Sensor Triggers:</strong> Integrated entry laser sensors triggering dynamic visual welcome waves whenever guests enter the tunnel.</li></ul>"
224,Interactive Digital Signature Wall & Document Archival Infrastructure,ABRTECH STUDIO,2023,Interactive-Digital-Signature-Wall-Document-Archival-Infrastructure.png,Engineered interactive VIP digital guestbook terminals capturing stylus signatures and immediately rendering them on dynamic exhibit screens.,"HTML5 Canvas, Smooth Vector Ink, WebSocket Relays, Node.js Local Server, MySQL",<h2>Interactive Digital Signature Wall & Document Archival Infrastructure</h2><p>Engineered interactive VIP digital guestbook terminals capturing stylus signatures and immediately rendering them on dynamic exhibit screens.</p><h3>Key Features & Implementation</h3><ul><li><strong>Sub-Millimeter Stylus Pressure Tracking:</strong> Captured high-precision touch stylus inputs preserving natural handwriting thickness and signature curves.</li><li><strong>Instant WebGL Signature Particle Effects:</strong> Rendered newly captured signatures as floating glowing light particles moving across main venue display screens.</li><li><strong>Automated PDF Guestbook Export:</strong> Compiled collected signatures and guest messages automatically into high-resolution archival PDF books.</li></ul>
225,Central Experiential Media Server Master Recovery & Backup Vault,ABRTECH STUDIO,2024,Central-Experiential-Media-Server-Master-Recovery-Backup-Vault.png,Architected automated system disk backup and PXE recovery pipelines ensuring field media servers can be restored to factory staging in under 10 minutes.,"Clonezilla, PowerShell, System Image Snapshots, Network PXE Server, Automated Scripting","<h2>Central Experiential Media Server Master Recovery & Backup Vault</h2><p>Architected automated system disk backup and PXE recovery pipelines ensuring field media servers can be restored to factory staging in under 10 minutes.</p><h3>Key Features & Implementation</h3><ul><li><strong>Automated Disk Snapshot Images:</strong> Created compressed bare-metal system drive images stored on central local NAS backup vaults.</li><li><strong>PXE Network Bare-Metal Restore:</strong> Deployed local network boot recovery servers enabling field technicians to re-image corrupted servers over Ethernet.</li><li><strong>Version-Controlled App Configuration:</strong> Maintained automated Git repositories tracking application config files, display layouts, and IP mappings.</li></ul>"
226,Interactive Dynamic Projection Mapping Showroom Controller,ABRTECH STUDIO,2023,Interactive-Dynamic-Projection-Mapping-Showroom-Controller.png,Architected wireless tablet control systems enabling interactive selection of projection mapping presets onto 3D physical models in showrooms.,"TouchOSC, UDP Sockets, Resolume Arena, Crestron, High-Lumen Laser Projectors",<h2>Interactive Dynamic Projection Mapping Showroom Controller</h2><p>Architected wireless tablet control systems enabling interactive selection of projection mapping presets onto 3D physical models in showrooms.</p><h3>Key Features & Implementation</h3><ul><li><strong>Low-Latency UDP OSC Messaging:</strong> Transmitted instant wireless control signals from administrative tablets to projection mapping servers.</li><li><strong>Seamless Video Preset Transitions:</strong> Configured cross-fading media playout servers allowing fluid visual transitions between projection themes.</li><li><strong>Interactive Component Highlight Mode:</strong> Enabled staff to select individual product features on the tablet to project targeted highlights onto the physical model.</li></ul>
227,High-Density Venue Bluetooth Low Energy (BLE) Beacon Location System,ABRTECH STUDIO,2024,High-Density-Venue-Bluetooth-Low-Energy-(BLE)-Beacon-Location-System.png,Architected indoor micro-location beacon networks providing sub-meter indoor navigation and contextual exhibit notifications to mobile app users.,"BLE Beacons, iBeacon / Eddystone, Indoor Wayfinding Engine, Mobile SDK, MQTT",<h2>High-Density Venue Bluetooth Low Energy (BLE) Beacon Location System</h2><p>Architected indoor micro-location beacon networks providing sub-meter indoor navigation and contextual exhibit notifications to mobile app users.</p><h3>Key Features & Implementation</h3><ul><li><strong>Strategic BLE Beacon Grid Deployment:</strong> Calibrated signal power and placement for 100+ battery and USB BLE beacons across large venue halls.</li><li><strong>Indoor Trilateration Wayfinding:</strong> Calculated real-time mobile device positions using multi-beacon signal strength (RSSI) trilateration algorithms.</li><li><strong>Contextual Proximity Triggers:</strong> Pushed location-specific exhibit audio guides and promotional info to user phones as they approached target exhibits.</li></ul>
228,Interactive Touchscreen Kiosk Hardware Enclosure Thermal Management,ABRTECH STUDIO,2023,Interactive-Touchscreen-Kiosk-Hardware-Enclosure-Thermal-Management.png,Architected physical thermal cooling and environmental protection solutions for outdoor interactive touchscreen kiosks operating in high ambient heat.,"Thermal Sensors, Variable-Speed PWM Fans, Industrial Thermostats, Power Cutoff Relays",<h2>Interactive Touchscreen Kiosk Hardware Enclosure Thermal Management</h2><p>Architected physical thermal cooling and environmental protection solutions for outdoor interactive touchscreen kiosks operating in high ambient heat.</p><h3>Key Features & Implementation</h3><ul><li><strong>Forced-Air Thermal Ducting:</strong> Designed internal fan ducting isolating intake and exhaust airflow channels to dissipate internal display and PC heat.</li><li><strong>Variable-Speed Temperature Control:</strong> Programmed industrial thermostats adjusting fan speeds dynamically based on internal enclosure temperatures.</li><li><strong>Automated Emergency Thermal Cutoff:</strong> Integrated hardware safety relays isolating power to displays if internal temperatures crossed 55°C.</li></ul>
229,Multi-Zone Background Music & Announcement Paging System,ABRTECH STUDIO,2024,Multi-Zone-Background-Music-Announcement-Paging-System.png,Architected IP-networked paging and background music infrastructure delivering clear voice announcements and audio zoning across venue facilities.,"VoIP SIP Paging, Q-SYS DSP, Dante Audio, Ceiling Speakers, Automated Music Schedules",<h2>Multi-Zone Background Music & Announcement Paging System</h2><p>Architected IP-networked paging and background music infrastructure delivering clear voice announcements and audio zoning across venue facilities.</p><h3>Key Features & Implementation</h3><ul><li><strong>SIP Paging Microphone Integration:</strong> Enabled staff to make targeted live or pre-recorded voice announcements to specific zones using desk IP phones.</li><li><strong>Automated Priority Ducking:</strong> Programmed DSP mixers to automatically lower background music volume whenever voice announcements are triggered.</li><li><strong>Multi-Source Streaming Media:</strong> Configured independent streaming audio channels playing localized background ambient music tailored to specific exhibit areas.</li></ul>
230,Central Venue Interactive Exhibit Master Logging & Analytics System,ABRTECH STUDIO,2023,Central-Venue-Interactive-Exhibit-Master-Logging-Analytics-System.png,Architected central log aggregation pipelines collecting user interaction metrics and software diagnostic events from all active interactive terminals.,"Elasticsearch, Logstash, Kibana (ELK Stack), REST API, Python, Syslog","<h2>Central Venue Interactive Exhibit Master Logging & Analytics System</h2><p>Architected central log aggregation pipelines collecting user interaction metrics and software diagnostic events from all active interactive terminals.</p><h3>Key Features & Implementation</h3><ul><li><strong>Real-Time Event Ingestion:</strong> Ingested thousands of user touch events, button clicks, and session start/end timestamps via lightweight REST endpoints.</li><li><strong>Kibana Management Dashboards:</strong> Built visual dashboards summarizing daily total venue interactions, average session times, and peak usage hours.</li><li><strong>Automated Exception Alerting:</strong> Flagged software unhandled exceptions and crashes instantly, triggering automatic remote restart commands.</li></ul>"
231,Interactive Kinetic Optical Reflection Wall Engine,ABRTECH STUDIO,2024,Interactive-Kinetic-Optical-Reflection-Wall-Engine.png,Engineered real-time geometric optical mapping algorithms driving dual-axis motorized mirror arrays for immersive light reflection walls.,"RS485 Serial Bus, Art-Net, Kinetic Mirror Motors, Kinematic Motion Engine, DMX512",<h2>Interactive Kinetic Optical Reflection Wall Engine</h2><p>Designed high-speed kinematic control networks driving physical dual-axis motorized mirror arrays that reflect targeted spotlight beams into fluid visual patterns across exhibition spaces.</p><h3>Key Features & Implementation</h3><ul><li><strong>High-Speed Multi-Drop Serial Routing:</strong> Transmitted precise motor angle commands to 100+ dual-axis kinetic mirror controllers over high-speed RS485 serial buses.</li><li><strong>Real-Time Kinematic Wave Algorithms:</strong> Converted incoming Art-Net lighting data into smooth physical motor tilt angles using mathematical acceleration curves.</li><li><strong>Automated Zero-Position Calibration:</strong> Integrated optical homing sensors automatically resetting mirror arrays to baseline zero positions upon system boot.</li></ul>
232,Multi-Touch Interactive Wall Floor-to-Ceiling Canvas,ABRTECH STUDIO,2023,Multi-Touch-Interactive-Wall-Floor-to-Ceiling-Canvas.png,Architected multi-projector edge blending and LiDAR touch frame calibration for seamless floor-to-ceiling interactive walls.,"LiDAR Touch Frame, Multi-Projector Edge Blending, TouchDesigner, UDP Signals, 4K Canvas",<h2>Multi-Touch Interactive Wall Floor-to-Ceiling Canvas</h2><p>Engineered large-format interactive wall canvas systems combining multi-projector optical blending with perimeter laser tracking sensors.</p><h3>Key Features & Implementation</h3><ul><li><strong>LiDAR Multi-Point Touch Tracking:</strong> Calibrated perimeter infrared laser sensors to track up to 30 simultaneous user touch coordinates across a 10-meter canvas.</li><li><strong>Seamless Multi-Projector Blending:</strong> Applied optical edge-blending and warping algorithms uniting 4 high-lumen laser projectors into a unified high-resolution display.</li><li><strong>Interactive Visual Particle Engine:</strong> Rendered zero-latency 60 FPS visual fluid dynamics responding fluidly to visitor physical interactions.</li></ul>
233,Interactive transparent OLED Digital Museum Cabinet,ABRTECH STUDIO,2024,Interactive-transparent-OLED-Digital-Museum-Cabinet.png,Built museum showcase pedestals combining physical artifact lighting with front transparent OLED touch layers rendering interactive historical overlays.,"Transparent OLED, Projected Capacitive Touch, Node.js Local Server, HTML5 / WebGL, DMX Lighting",<h2>Interactive transparent OLED Digital Museum Cabinet</h2><p>Designed luxury museum artifact showcases featuring front-facing transparent OLED touch displays that present dynamic historical context layers over physical artifacts.</p><h3>Key Features & Implementation</h3><ul><li><strong>Precise Graphical Overlay Alignment:</strong> Aligned 3D digital UI schematics to match the exact physical dimensions of internal museum items.</li><li><strong>Touch-Triggered Internal Spotlighting:</strong> Programmed localized LED interior spotlights to illuminate specific physical artifact components upon user touch.</li><li><strong>Low-Power Idle Timeout Modes:</strong> Configured automatic screen dimming and lighting power savings when no venue visitors are present.</li></ul>
234,Interactive Augmented Reality (AR) Retail Window Display,ABRTECH STUDIO,2023,Interactive-Augmented-Reality-(AR)-Retail-Window-Display.png,Engineered street-facing store window AR displays using depth cameras to project virtual branded outfits onto passersby on the sidewalk.,"Kinect / Orbbec Depth Sensors, Unity 3D, High-Brightness Commercial Screens, Real-Time Body Tracking","<h2>Interactive Augmented Reality (AR) Retail Window Display</h2><p>Architected street-facing storefront glass installations using optical depth sensors to track outdoor pedestrian movement and render instant 3D apparel overlays.</p><h3>Key Features & Implementation</h3><ul><li><strong>High-Brightness Daylight Screen Deployment:</strong> Utilized 4,000-nit high-brightness commercial displays maintaining visual clarity through direct sunlight.</li><li><strong>Real-Time Outdoor Pose Estimation:</strong> Filtered outdoor sunlight noise to track pedestrian body joints and fit virtual 3D clothing items in mid-stride.</li><li><strong>Automated QR Code Conversion:</strong> Displayed instant mobile QR codes allowing interested sidewalk shoppers to buy featured items directly online.</li></ul>"
235,Experiential Venue Interactive Curved LED Dome Architecture,ABRTECH STUDIO,2024,Experiential-Venue-Interactive-Curved-LED-Dome-Architecture.png,Configured flexible curved LED modules and multi-server video playout driving 360-degree visual immersion domes for planetarium exhibits.,"Flexible LED Modules, Novastar Processors, Datapath Video Controllers, Optical Fiber Extenders, Sync Servers",<h2>Experiential Venue Interactive Curved LED Dome Architecture</h2><p>Architected fully enclosed 360-degree curved LED projection domes displaying ultra-high-resolution dynamic environments for immersive planetarium venues.</p><h3>Key Features & Implementation</h3><ul><li><strong>Seamless Flexible Module Fitting:</strong> Fitted custom flexible LED display modules across hemispherical dome structures with zero panel gap distortion.</li><li><strong>High-Resolution Canvas Distribution:</strong> Split ultra-wide panoramic video feeds across multiple sync servers using uncompressed optical fiber extenders.</li><li><strong>Interactive Spatial Audio Sync:</strong> Synchronized dome visual playout directly with 16.2 multi-channel spatial audio surround sound setups.</li></ul>
236,Interactive Digital Spray Paint Canvas Event Activation,ABRTECH STUDIO,2023,Interactive-Digital-Spray-Paint-Canvas-Event-Activation.png,Developed IR spray can tracking hardware and digital paint canvas software for interactive digital graffiti event activations.,"IR Tracking Cameras, Modded IR Spray Cans, Custom Paint App, Thermal Printers, UDP Messaging","<h2>Interactive Digital Spray Paint Canvas Event Activation</h2><p>Engineered digital spray paint experience booths using modified infrared spray cans and real-time digital canvas rendering software.</p><h3>Key Features & Implementation</h3><ul><li><strong>IR Spray Nozzle Tracking:</strong> Retrofitted real spray paint cans with infrared emitters and pressure-sensitive caps to simulate authentic paint flow.</li><li><strong>Digital Paint Physics Software:</strong> Built custom digital canvas software rendering realistic spray drips, stencils, and color blending effects.</li><li><strong>Instant Social Sharing & Print:</strong> Configured instant photo-printing and QR-code download workflows for attendee digital artwork.</li></ul>"
237,Multi-Channel Directional Ultrasonic Audio Zone System,ABRTECH STUDIO,2024,Multi-Channel-Directional-Ultrasonic-Audio-Zone-System.png,Engineered highly targeted acoustic zones in crowded museum exhibits using narrow-beam ultrasonic parametric speakers.,"Ultrasonic Parametric Speakers, Audio DSP, Zone Isolation, Motion Sensors, Dante Audio over IP","<h2>Multi-Channel Directional Ultrasonic Audio Zone System</h2><p>Engineered highly targeted acoustic zones in crowded museum exhibits using narrow-beam ultrasonic parametric speakers.</p><h3>Key Features & Implementation</h3><ul><li><strong>Ultrasonic Sound Isolation:</strong> Focused localized audio beams strictly onto 1-meter floor target spots, eliminating cross-exhibit sound bleed.</li><li><strong>Motion-Triggered Playback:</strong> Integrated proximity floor sensors triggering exhibit narrative audio only when a visitor entered the beam zone.</li><li><strong>Dante Digital Audio Network:</strong> Routed multi-channel digital audio over IP networks to central DSP processing racks.</li></ul>"
238,Interactive Physical Reaction Game Button Wall System,ABRTECH STUDIO,2023,Interactive-Physical-Reaction-Game-Button-Wall-System.png,Designed custom microcontroller hardware and illuminated arcade button walls for high-durability physical reaction games.,"Arduino / Teensy Microcontrollers, WS2812B Addressable LEDs, Arcade Switches, USB HID",<h2>Interactive Physical Reaction Game Button Wall System</h2><p>Architected physical reaction-game installations featuring wall-mounted heavy-duty illuminated buttons connected to custom microcontroller boards.</p><h3>Key Features & Implementation</h3><ul><li><strong>High-Speed Button Input Polling:</strong> Programmed microcontrollers polling physical button inputs at 1000Hz for instantaneous reaction time scoring.</li><li><strong>Addressable LED Ring Animations:</strong> Driven WS2812B LED rings surrounding each button to render dynamic countdown and target lighting patterns.</li><li><strong>Industrial-Grade Switch Debouncing:</strong> Implemented hardware and software debounce filters ensuring reliable long-term button press detection.</li></ul>
239,Central Experiential Media Server Master Deployment & Sync Vault,ABRTECH STUDIO,2024,Central-Experiential-Media-Server-Master-Deployment-Sync-Vault.png,Built automated disk imaging and config backup pipelines for field media servers to enable fast one-click recovery during venue emergencies.,"Clonezilla, PowerShell, System Image Snapshots, Network PXE Server, Automated Scripting","<h2>Central Experiential Media Server Master Deployment & Sync Vault</h2><p>Architected automated system disk backup and PXE recovery pipelines ensuring field media servers can be restored to factory staging in under 10 minutes.</p><h3>Key Features & Implementation</h3><ul><li><strong>Automated Disk Snapshot Images:</strong> Created compressed bare-metal system drive images stored on central local NAS backup vaults.</li><li><strong>PXE Network Bare-Metal Restore:</strong> Deployed local network boot recovery servers enabling field technicians to re-image corrupted servers over Ethernet.</li><li><strong>Version-Controlled App Configuration:</strong> Maintained automated Git repositories tracking application config files, display layouts, and IP mappings.</li></ul>"
240,Interactive Holographic Pyramid Showcase Box Display,ABRTECH STUDIO,2023,Interactive-Holographic-Pyramid-Showcase-Box-Display.png,Designed 4-sided holographic glass pyramid displays projecting floating 3D animation visuals around central physical products.,"Pepper's Ghost Optical Glass, 4K Playout Display, Maya 3D Playout, Synchronized Audio",<h2>Interactive Holographic Pyramid Showcase Box Display</h2><p>Architected 4-sided Pepper's Ghost holographic showcase boxes creating the visual illusion of 3D animated content floating inside glass chambers.</p><h3>Key Features & Implementation</h3><ul><li><strong>4-Channel Synchronized Video Playout:</strong> Mapped 4 distinct perspective render angles onto a single 4K top display projecting down onto angled glass.</li><li><strong>Precision Optical Glass Calibration:</strong> Anti-reflective optical glass panels engineered to maximize internal reflections while maintaining transparency.</li><li><strong>Integrated Direct Audio Playback:</strong> Synchronized directional stereo sound effects playing in perfect alignment with 3D holographic animation triggers.</li></ul>
241,Interactive Motion-Tracking Shadow Wall Display,ABRTECH STUDIO,2024,Interactive-Motion-Tracking-Shadow-Wall-Display.png,Engineered computer vision camera tracking rendering dynamic colorful digital shadows that transform and interact with venue visitors.,"TouchDesigner, Optical Flow Tracking, High-Resolution Industrial Cameras, Projection Mapping",<h2>Interactive Motion-Tracking Shadow Wall Display</h2><p>Created interactive shadow projection exhibits where physical user shadows are captured by vision sensors and transformed into animated digital graphics.</p><h3>Key Features & Implementation</h3><ul><li><strong>Optical Flow Silhouette Extraction:</strong> Processed real-time camera video feeds to isolate user body silhouettes cleanly from background lighting noise.</li><li><strong>Interactive Physics GPU Shaders:</strong> Applied custom GLSL GPU shaders generating colorful trailing liquid and particle effects originating from user shadows.</li><li><strong>High-Frame-Rate Projection:</strong> Rendered physics visual output at 120Hz to guarantee instantaneous physical shadow movement tracking.</li></ul>
242,High-Density Experiential Event Wi-Fi Portal Engine,ABRTECH STUDIO,2023,High-Density-Experiential-Event-Wi-Fi-Portal-Engine.png,Engineered high-concurrency Wi-Fi captive onboarding portals collecting opted-in attendee analytics for temporary event venues.,"FreeRADIUS, Cisco / Ruckus Wireless, HTML5, PostgreSQL, REST API Analytics","<h2>High-Density Experiential Event Wi-Fi Portal Engine</h2><p>Architected venue guest Wi-Fi onboarding systems managing high-concurrency mobile connections and custom branded landing pages.</p><h3>Key Features & Implementation</h3><ul><li><strong>High-Concurrency Radius Authentication:</strong> Managed 5,000+ simultaneous guest Wi-Fi authorization requests during peak exhibition hours.</li><li><strong>Opt-In Attendee Data Capture:</strong> Built secure registration forms capturing opted-in user demographics before granting high-speed internet access.</li><li><strong>Dynamic Bandwidth Allocation:</strong> Enforced automated rate-limiting policies guaranteeing fair bandwidth distribution across all connected guest devices.</li></ul>"
243,Interactive Architectural Floor Projection & Footstep Engine,ABRTECH STUDIO,2024,Interactive-Architectural-Floor-Projection-Footstep-Engine.png,Configured overhead tracking cameras and laser projection mapping to generate dynamic light ripples beneath walking venue visitors.,"Infrared Overhead Cameras, OpenCV Tracking, High-Lumen Laser Projectors, Unity 3D Shaders",<h2>Interactive Architectural Floor Projection & Footstep Engine</h2><p>Architected architectural floor projection corridors generating real-time interactive light pools beneath the feet of walking guests.</p><h3>Key Features & Implementation</h3><ul><li><strong>Overhead Infrared Motion Tracking:</strong> Processed continuous overhead IR camera feeds isolating individual visitor footstep contact points.</li><li><strong>Low-Latency Dynamic Ripple Shaders:</strong> Rendered 60 FPS visual ripple and particle effects directly beneath tracked footstep coordinates.</li><li><strong>Automatic Ambient Light Compensation:</strong> Adjusted camera contrast thresholds automatically to maintain tracking accuracy under changing venue lighting.</li></ul>
244,Multi-User Interactive Touch Table Canvas Engine,ABRTECH STUDIO,2023,Multi-User-Interactive-Touch-Table-Canvas-Engine.png,Designed multi-touch table software enabling up to 6 simultaneous users to explore interactive media databases and historical documents.,"Multi-Touch SDK, C# / WPF, Local SQLite, High-Resolution 4K Canvas, GPU Acceleration","<h2>Multi-User Interactive Touch Table Canvas Engine</h2><p>Architected touch table applications allowing multiple venue visitors to interact with floating digital media assets independently on a shared 4K surface.</p><h3>Key Features & Implementation</h3><ul><li><strong>Independent User Gesture Processing:</strong> Isolated concurrent multi-finger gesture inputs enabling smooth simultaneous multi-user pan, rotate, and zoom interactions.</li><li><strong>Dynamic Media Drag & Drop:</strong> Programmed physics-based card movement allowing users to flick digital documents across the table canvas to other visitors.</li><li><strong>High-Throughput Local Asset Caching:</strong> Cached thousands of high-resolution historical photos and videos locally for instantaneous zero-lag loading.</li></ul>"
245,Interactive Smart Mirror Virtual Try-On Module,ABRTECH STUDIO,2024,Interactive-Smart-Mirror-Virtual-Try-On-Module.png,Developed augmented reality smart mirrors providing real-time virtual try-ons for fashion accessories and eyewear in retail environments.,"OpenCV, 3D Pose Estimation, WebGL, Mirror Display, High-Resolution Webcam",<h2>Interactive Smart Mirror Virtual Try-On Module</h2><p>Architected interactive retail smart mirrors tracking customer facial features to render real-time 3D virtual try-ons of eyewear and accessories.</p><h3>Key Features & Implementation</h3><ul><li><strong>Real-Time 3D Pose Estimation:</strong> Tracked customer head orientation and facial features to position virtual 3D eyewear models accurately.</li><li><strong>Dynamic Lighting Match Shaders:</strong> Adjusted virtual accessory lighting and reflection maps dynamically to match the physical store ambient light.</li><li><strong>Instant Social Sharing & Purchase Links:</strong> Generated instant mobile QR codes allowing customers to share virtual try-on photos and buy items online.</li></ul>
246,Centralized Venue Audio-Visual Device Telemetry Engine,ABRTECH STUDIO,2023,Centralized-Venue-Audio-Visual-Device-Telemetry-Engine.png,Built automated SNMP and ping polling engines monitoring live operational metrics for hundreds of distributed venue AV and network devices.,"Python, SNMP, InfluxDB, Grafana, Telegram Bot API, Linux Service","<h2>Centralized Venue Audio-Visual Device Telemetry Engine</h2><p>Engineered automated background monitoring services tracking hardware health, lamp hours, and network status for all venue AV equipment.</p><h3>Key Features & Implementation</h3><ul><li><strong>Continuous Multi-Protocol Polling:</strong> Polled field hardware every 30 seconds via SNMP, PJLink, and ICMP ping probes to record device availability.</li><li><strong>Timeseries Metric Storage:</strong> Stored operational metrics in InfluxDB to analyze temperature trends, lamp hour usage, and network link drops over time.</li><li><strong>Instant Mobile Push Escalations:</strong> Configured automated Telegram and Email alerts notifying technicians immediately if key displays go offline.</li></ul>"
247,Interactive Kinetic Light Curtain & Video Mirror,ABRTECH STUDIO,2024,Interactive-Kinetic-Light-Curtain-Video-Mirror.png,Architected 3D spatial light curtains made of hanging LED pixel strands displaying low-resolution video reflections of venue crowds.,"Art-Net, Vertical LED Strings, Depth Camera Video Feed, Real-Time Video Downscaling",<h2>Interactive Kinetic Light Curtain & Video Mirror</h2><p>Architected 3D spatial light curtains made of hanging LED pixel strands displaying low-resolution video reflections of venue crowds.</p><h3>Key Features & Implementation</h3><ul><li><strong>Real-Time Depth Video Downscaling:</strong> Downscaled live depth camera video feeds to match the exact low-resolution pixel grid of hanging LED strands.</li><li><strong>Spatial Light Mapping:</strong> Mapped 3D string coordinates ensuring visual reflections maintain correct volumetric depth proportions as visitors move past.</li><li><strong>High-Refresh-Rate Art-Net Streaming:</strong> Streamed 60 FPS sACN lighting frames to custom field controllers for fluid motion responsiveness.</li></ul>
248,Interactive Digital Signature Wall & Archival System,ABRTECH STUDIO,2023,Interactive-Digital-Signature-Wall-Archival-System.png,"Built touch signature wall software enabling event VIPs to sign digital guestbooks, projecting signatures onto large exhibit display screens.","HTML5 Canvas, Smooth Vector Ink, WebSocket Relays, Node.js Local Server, MySQL",<h2>Interactive Digital Signature Wall & Archival System</h2><p>Engineered interactive VIP digital guestbook terminals capturing stylus signatures and immediately rendering them on dynamic exhibit screens.</p><h3>Key Features & Implementation</h3><ul><li><strong>Sub-Millimeter Stylus Pressure Tracking:</strong> Captured high-precision touch stylus inputs preserving natural handwriting thickness and signature curves.</li><li><strong>Instant WebGL Signature Particle Effects:</strong> Rendered newly captured signatures as floating glowing light particles moving across main venue display screens.</li><li><strong>Automated PDF Guestbook Export:</strong> Compiled collected signatures and guest messages automatically into high-resolution archival PDF books.</li></ul>
249,Interactive Touchscreen Kiosk Hardware Thermal Management,ABRTECH STUDIO,2024,Interactive-Touchscreen-Kiosk-Hardware-Thermal-Management.png,"Designed thermal dissipation layouts, internal fan ducting, and temperature safety interlocks for outdoor interactive kiosk enclosures.","Thermal Sensors, Variable-Speed PWM Fans, Industrial Thermostats, Power Cutoff Relays",<h2>Interactive Touchscreen Kiosk Hardware Thermal Management</h2><p>Architected physical thermal cooling and environmental protection solutions for outdoor interactive touchscreen kiosks operating in high ambient heat.</p><h3>Key Features & Implementation</h3><ul><li><strong>Forced-Air Thermal Ducting:</strong> Designed internal fan ducting isolating intake and exhaust airflow channels to dissipate internal display and PC heat.</li><li><strong>Variable-Speed Temperature Control:</strong> Programmed industrial thermostats adjusting fan speeds dynamically based on internal enclosure temperatures.</li><li><strong>Automated Emergency Thermal Cutoff:</strong> Integrated hardware safety relays isolating power to displays if internal temperatures crossed 55°C.</li></ul>
250,Central Venue Interactive Exhibit Master Analytics Pipeline,ABRTECH STUDIO,2023,Central-Venue-Interactive-Exhibit-Master-Analytics-Pipeline.png,"Built centralized logging pipelines aggregating user touch counts, session durations, and system errors across distributed interactive kiosks.","Elasticsearch, Logstash, Kibana (ELK Stack), REST API, Python, Syslog","<h2>Central Venue Interactive Exhibit Master Analytics Pipeline</h2><p>Architected central log aggregation pipelines collecting user interaction metrics and software diagnostic events from all active interactive terminals.</p><h3>Key Features & Implementation</h3><ul><li><strong>Real-Time Event Ingestion:</strong> Ingested thousands of user touch events, button clicks, and session start/end timestamps via lightweight REST endpoints.</li><li><strong>Kibana Management Dashboards:</strong> Built visual dashboards summarizing daily total venue interactions, average session times, and peak usage hours.</li><li><strong>Automated Exception Alerting:</strong> Flagged software unhandled exceptions and crashes instantly, triggering automatic remote restart commands.</li></ul>"